document_no,typeID,id,document
1,CE,93098914,ghWYF.pdf
2,CC,86909336,IUdhO.pdf
3,CC,85715950,wYdBh.pdf
4,CE,91096240,MJkfp.pdf
5,CE,12521211,MnfEq.pdf
6,CE,61872524,nGZqK.pdf
7,CC,81282629,JvPSV.pdf
8,CE,65026892,pRmbW.pdf
9,CC,75143424,JzQfo.pdf
10,CC,04285878,Yirgc.pdf
11,CE,50779679,ZmJlU.pdf
12,CE,96794826,dbqHG.pdf
13,CC,71715368,YmDlp.pdf
14,CC,63934819,tWqRY.pdf
15,CC,65766332,ilGJH.pdf
16,CE,84440061,RmyTL.pdf
17,CC,15972370,RjMcS.pdf
18,CC,57229051,BcXGV.pdf
19,CE,10542585,nfhre.pdf
20,CE,61934708,WvBaD.pdf
21,CC,15024151,pDbVN.pdf
22,CC,01499115,XeMLQ.pdf
23,CC,42742941,uqzAM.pdf
24,CE,57521608,nwNSW.pdf
25,CC,62439794,KiIgT.pdf
26,CE,54712757,fAHoM.pdf
27,CE,50719150,mVCpt.pdf
28,CC,43675519,hstky.pdf
29,CE,16491400,iFzEw.pdf
30,CE,30237312,SuUVs.pdf
31,CC,69947493,QDPTl.pdf
32,CC,46997669,OeRkr.pdf
33,CC,84611681,pBsjv.pdf
34,CE,51317586,OmGbL.pdf
35,CC,58219971,mEorD.pdf
36,CE,46848757,dKCQh.pdf
37,CC,03167766,hrwDs.pdf
38,CC,61366684,TENVp.pdf
39,CC,67195584,gNXmL.pdf
40,CE,88005485,eiHzf.pdf
41,CE,24807314,yCIfz.pdf
42,CE,62154461,iCdIa.pdf
43,CE,91249838,iIfgS.pdf
44,CE,11180946,UREWc.pdf
45,CC,77412453,uYslj.pdf
46,CE,85234423,hWGwy.pdf
47,CC,31533258,OfnIH.pdf
48,CC,64598171,xDtme.pdf
49,CC,12152298,BzHJX.pdf
50,CC,76628430,YnKCq.pdf
51,CE,88900842,BfNgk.pdf
52,CE,16039561,ElLXY.pdf
53,CE,40878705,sYSAc.pdf
54,CE,11708313,FUefi.pdf
55,CE,44818218,QGYUw.pdf
56,CC,29746168,eXDRM.pdf
57,CC,05176185,VNtYy.pdf
58,CE,40701165,RxrPE.pdf
59,CE,67688386,cwiXS.pdf
60,CE,09024501,gsCXW.pdf
61,CE,39466651,YFaDb.pdf
62,CE,44497887,ovuat.pdf
63,CC,93852672,oiZWP.pdf
64,CE,42224826,qgGSN.pdf
65,CC,19325352,oScnh.pdf
66,CC,71324925,QgSFm.pdf
67,CC,69371775,ZGiWf.pdf
68,CE,43946208,kIaAN.pdf
69,CE,17629525,NlnMv.pdf
70,CE,33752832,OXwIN.pdf
71,CE,68522741,NRbdQ.pdf
72,CC,07024306,VQNFG.pdf
73,CE,51662577,cKjgL.pdf
74,CC,13751342,lyaoZ.pdf
75,CC,55982122,dBCHR.pdf
76,CE,87095357,pXdaY.pdf
77,CC,70908519,QJZmz.pdf
78,CC,86646602,wqfma.pdf
79,CE,16145215,XcelH.pdf
80,CE,76974538,fHUQG.pdf
81,CE,95046473,ODmZF.pdf
82,CE,47368702,MBNHQ.pdf
83,CC,75018359,tgvPw.pdf
84,CE,92746466,poGil.pdf
85,CE,96144587,vYgDG.pdf
86,CC,60605842,TnNce.pdf
87,CE,42456972,OZaKF.pdf
88,CE,09493858,TEGVC.pdf
89,CC,41104006,CvxFw.pdf
90,CE,92099506,Nflxh.pdf
91,CC,26459495,jEdsY.pdf
92,CC,58055790,VCBsO.pdf
93,CC,13617304,ulFBV.pdf
94,CE,08566381,oqhPM.pdf
95,CC,11662023,EFezt.pdf
96,CE,32519988,Layid.pdf
97,CC,16061955,Kufyg.pdf
98,CC,01466088,CaSyD.pdf
99,CC,18771708,GFtJi.pdf
100,CE,74654380,YmSnL.pdf
101,CE,25631903,LftNV.pdf
102,CC,83972183,CzZtQ.pdf
103,CE,34159283,ZrPxC.pdf
104,CC,51473914,uzlqX.pdf
105,CE,75690037,pnZoF.pdf
106,CC,28468688,czuEd.pdf
107,CE,34678535,HLPyc.pdf
108,CC,61344356,YlQnd.pdf
109,CC,96839005,AWXqH.pdf
110,CE,37697828,POLdZ.pdf
111,CE,72714445,THbwd.pdf
112,CC,51875587,yAheU.pdf
113,CE,59289600,DrIvh.pdf
114,CC,75186857,DrYcO.pdf
115,CC,98915086,WTigm.pdf
116,CE,12863468,daunQ.pdf
117,CC,57409927,pKjVz.pdf
118,CC,17934568,Newif.pdf
119,CE,20341589,SmsJE.pdf
120,CC,28500302,UQNHM.pdf
121,CC,27665043,NVAIh.pdf
122,CE,43513000,UnRPL.pdf
123,CC,69853910,PRYjE.pdf
124,CC,40421281,lcpVM.pdf
125,CE,60597470,lKqUB.pdf
126,CC,82628698,ZEToV.pdf
127,CE,07433747,yluUK.pdf
128,CC,80465143,ojMHu.pdf
129,CE,41660144,MsKFy.pdf
130,CE,28523020,pqGcY.pdf
131,CE,83595954,lipOq.pdf
132,CE,59407384,tFgZS.pdf
133,CE,89570967,dNsFS.pdf
134,CC,58312984,TrPei.pdf
135,CC,19168527,SijvF.pdf
136,CE,78129632,mvMAR.pdf
137,CC,37420376,JwFsl.pdf
138,CE,64722711,hjkpV.pdf
139,CC,27343227,DczRX.pdf
140,CC,25220951,Ugqzw.pdf
141,CC,20629229,Xgzvu.pdf
142,CE,11263061,oMxAH.pdf
143,CE,93701757,jzXOf.pdf
144,CE,91738762,NmVcG.pdf
145,CC,85590239,cGhrY.pdf
146,CC,18489514,vdjfq.pdf
147,CE,64709468,qiwRU.pdf
148,CC,14042818,fjBtN.pdf
149,CC,20029904,CqLHv.pdf
150,CE,52616242,qlOVj.pdf
151,CC,01341907,feoqV.pdf
152,CC,82706578,ZygbX.pdf
153,CE,83345145,Hzogt.pdf
154,CE,52568127,FAeTl.pdf
155,CE,87335683,VbZkY.pdf
156,CC,03517238,fdIsV.pdf
157,CC,99631253,ATexq.pdf
158,CE,16148794,ZdyTq.pdf
159,CC,06985326,gdbyY.pdf
160,CE,30270790,tgVDS.pdf
161,CE,56602085,eLvCV.pdf
162,CC,09080450,tDuoc.pdf
163,CC,78745034,cnqSJ.pdf
164,CC,95116396,IdQox.pdf
165,CC,81723288,WgTUZ.pdf
166,CE,21559620,kROxd.pdf
167,CC,26180905,SOfXl.pdf
168,CC,56029865,KjBGl.pdf
169,CC,04470641,pMFQf.pdf
170,CC,82747173,jWbDF.pdf
171,CE,41196115,DzSUO.pdf
172,CE,26682640,efQFb.pdf
173,CC,42558230,UyexX.pdf
174,CE,04653593,NnogG.pdf
175,CC,51816166,IOtoP.pdf
176,CC,91329135,NoArx.pdf
177,CE,28833598,izfGc.pdf
178,CE,09613597,ibPUX.pdf
179,CE,69268877,oCXMJ.pdf
180,CC,73562424,xuNWI.pdf
181,CE,28358712,dmWzO.pdf
182,CE,78311222,gLYOe.pdf
183,CC,82766327,ACilB.pdf
184,CE,10605469,fTxoA.pdf
185,CC,82063398,HVLqM.pdf
186,CC,77746713,BNdAQ.pdf
187,CC,88497481,BqlWh.pdf
188,CC,36050774,XytWR.pdf
189,CE,79060009,Ajqom.pdf
190,CC,08726614,dkYIS.pdf
191,CE,96665555,cntjm.pdf
192,CC,70878454,geltb.pdf
193,CE,13706769,uzjUc.pdf
194,CE,11688352,hqmnG.pdf
195,CE,69784891,epobI.pdf
196,CC,66184360,geuNH.pdf
197,CE,16522778,LhKlo.pdf
198,CE,58344508,fUIja.pdf
199,CE,31007438,wvmZL.pdf
200,CC,44988989,eGzNr.pdf
201,CE,35212461,NUnio.pdf
202,CE,71171232,KzEtN.pdf
203,CC,41754266,qrXuJ.pdf
204,CE,82272507,QtIAT.pdf
205,CE,45103846,gtuFx.pdf
206,CE,36433340,ZowaC.pdf
207,CE,40942163,nISqC.pdf
208,CC,91478272,DHLiI.pdf
209,CE,31345017,QTCPn.pdf
210,CE,80589896,fNYGd.pdf
211,CE,26727610,LFbZY.pdf
212,CC,01737143,ImpYO.pdf
213,CC,37168508,VWZXU.pdf
214,CE,52619847,hAtFB.pdf
215,CC,03935827,fnatY.pdf
216,CE,10236323,aoySP.pdf
217,CE,41000566,FNbTx.pdf
218,CE,01258060,QbAsJ.pdf
219,CC,52886786,UyTRo.pdf
220,CC,56068862,rthxk.pdf
221,CE,29122443,yfBiK.pdf
222,CE,54497005,ZyFdw.pdf
223,CC,12623636,Gywqr.pdf
224,CE,85728324,OUSMF.pdf
225,CC,26257081,KFymz.pdf
226,CE,31468470,daVJA.pdf
227,CC,20373151,ZfqXu.pdf
228,CE,61979683,DQmdg.pdf
229,CE,88822089,lnFaT.pdf
230,CC,80786443,pslQF.pdf
231,CE,03166697,lBUfI.pdf
232,CC,17666743,UOatW.pdf
233,CC,94402937,srutW.pdf
234,CC,84893218,oIOyW.pdf
235,CC,61789123,zZjvq.pdf
236,CC,07920168,ztAuV.pdf
237,CC,46238869,DSWwN.pdf
238,CC,53484115,gjMxH.pdf
239,CE,85799799,LQjAM.pdf
240,CE,66683927,wXOAE.pdf
241,CE,01068639,MJkte.pdf
242,CC,24417064,itxUs.pdf
243,CE,34943783,rhsEu.pdf
244,CC,76098930,boHuC.pdf
245,CE,62189277,NKdQv.pdf
246,CE,81881279,AjFwv.pdf
247,CE,50482491,sVOoW.pdf
248,CC,75636569,xwhLt.pdf
249,CC,85976697,EAPxR.pdf
250,CE,88898965,KYvJg.pdf
251,CC,45683973,glOHQ.pdf
252,CC,15778738,YnrtN.pdf
253,CC,32192917,SJHMY.pdf
254,CC,63388281,KhCGr.pdf
255,CE,98296656,NfBRO.pdf
256,CC,52966759,JyXeM.pdf
257,CE,47204791,vrOtU.pdf
258,CC,15573104,nkFmc.pdf
259,CC,87740438,Krvib.pdf
260,CE,15386235,FGzaw.pdf
261,CE,21306602,CRTzq.pdf
262,CE,74094500,JgAij.pdf
263,CC,81978882,HIwaT.pdf
264,CE,32886859,JwSLY.pdf
265,CC,78640297,fngxH.pdf
266,CC,59272521,ijmTF.pdf
267,CE,36205093,vOpVt.pdf
268,CC,20933741,tZxvP.pdf
269,CE,17610406,XTIhP.pdf
270,CE,12228009,QyAhq.pdf
271,CE,40376279,pgKmy.pdf
272,CC,51335795,uqjws.pdf
273,CE,37372917,WRYGt.pdf
274,CC,09359089,rcZfk.pdf
275,CC,55931336,OeApy.pdf
276,CC,03763782,GjFaN.pdf
277,CE,86871991,yCMfN.pdf
278,CE,89227728,Swhiz.pdf
279,CE,32642841,oGOSU.pdf
280,CE,23828657,OaxtX.pdf
281,CC,89128825,DXQOj.pdf
282,CC,34108371,dHnLA.pdf
283,CE,70369418,MopjZ.pdf
284,CE,29171925,VfSXA.pdf
285,CE,34850326,eVrxO.pdf
286,CE,40005527,mSHZT.pdf
287,CC,60568280,ZvsNS.pdf
288,CE,25937250,pNgLS.pdf
289,CE,60696857,oueEg.pdf
290,CE,23767476,fUkNP.pdf
291,CC,52703193,UdtAj.pdf
292,CE,83116336,YDykx.pdf
293,CE,16067648,TVnZw.pdf
294,CC,98787356,KdrSG.pdf
295,CE,21475220,OapWz.pdf
296,CC,01214517,xaPbk.pdf
297,CC,53395908,QpmWF.pdf
298,CC,87712860,sqrec.pdf
299,CE,73144345,wkXiK.pdf
300,CE,03203833,zRhAc.pdf
301,CC,18482665,cmluJ.pdf
302,CC,40009865,VGMRQ.pdf
303,CC,67406721,tonPK.pdf
304,CE,57170093,qpGcb.pdf
305,CC,87555191,giNMv.pdf
306,CE,32941597,seFMj.pdf
307,CE,29166604,dWTBa.pdf
308,CC,81507637,glsim.pdf
309,CE,26148650,BPHSU.pdf
310,CC,60506484,XOzpG.pdf
311,CC,70401384,hQfdW.pdf
312,CE,21546555,mVlBp.pdf
313,CC,61575091,yAiso.pdf
314,CE,96371656,FfQRm.pdf
315,CC,07790565,LZxWO.pdf
316,CE,35461475,sHSvR.pdf
317,CC,66510101,mWSXT.pdf
318,CE,99299680,HCVgj.pdf
319,CE,85072344,XTtSc.pdf
320,CC,87599502,bjQeT.pdf
321,CE,21966007,qKQek.pdf
322,CC,23173359,lvCHE.pdf
323,CC,35836145,QFPRN.pdf
324,CE,25446643,UaIgn.pdf
325,CE,66774438,EeMSb.pdf
326,CE,86458568,mKNqf.pdf
327,CE,91025922,aDsmg.pdf
328,CC,71755842,jwlpC.pdf
329,CE,88496899,vXICd.pdf
330,CE,14034730,BEyMo.pdf
331,CE,41572310,dQCrt.pdf
332,CE,67619253,XxIbk.pdf
333,CC,63508572,fITxE.pdf
334,CE,32554703,bJAjD.pdf
335,CE,51012867,vcXgr.pdf
336,CC,97981406,jKdCH.pdf
337,CE,48641130,rbLGF.pdf
338,CE,59465411,phLRJ.pdf
339,CC,46064951,qRILj.pdf
340,CE,53879742,TIowF.pdf
341,CE,66323901,DTBlE.pdf
342,CC,49906168,IiqZD.pdf
343,CE,39499024,EdZCf.pdf
344,CE,00223504,hNUAc.pdf
345,CE,14082009,DtNMK.pdf
346,CC,76347853,EhOaF.pdf
347,CC,45890426,rFgxL.pdf
348,CC,86156313,ADejN.pdf
349,CC,72314075,hagRV.pdf
350,CC,67942585,uWFRc.pdf
351,CC,21689283,Iiefu.pdf
352,CC,29281062,erpZc.pdf
353,CE,75881012,gkUie.pdf
354,CC,18840327,slPEd.pdf
355,CC,51033969,JESKj.pdf
356,CC,60878402,LaZXB.pdf
357,CE,49504990,quVvg.pdf
358,CE,78882593,GvdhF.pdf
359,CC,53321708,bANVG.pdf
360,CE,63114926,PLFfk.pdf
361,CC,97593290,OSxcC.pdf
362,CE,95208983,ZkjRG.pdf
363,CC,23486624,HKhiC.pdf
364,CE,09274731,bcmRq.pdf
365,CE,78504316,eDcIY.pdf
366,CC,22936543,bUvHe.pdf
367,CE,95595037,WkdmZ.pdf
368,CE,09856075,ruafS.pdf
369,CE,77904250,rxcUm.pdf
370,CC,18311904,YTpIu.pdf
371,CE,53455056,munZX.pdf
372,CE,43935238,xuTHU.pdf
373,CE,57659719,osdDE.pdf
374,CC,71810086,hOZgV.pdf
375,CC,72716085,QuyoN.pdf
376,CE,74374732,Vrmzj.pdf
377,CC,76572780,caiUs.pdf
378,CC,85844059,ucBCp.pdf
379,CE,95986830,gIWPm.pdf
380,CC,17843591,DeqHp.pdf
381,CC,21079067,pxVZX.pdf
382,CC,92406783,GXSPo.pdf
383,CC,03974369,DSxuk.pdf
384,CE,39263357,kiOfx.pdf
385,CC,22639078,LUxAY.pdf
386,CE,55325224,BPlbc.pdf
387,CE,87899326,jqpOl.pdf
388,CC,58720009,YAfil.pdf
389,CE,37003183,WrjIk.pdf
390,CE,55089019,ucbAK.pdf
391,CC,46954367,lNqSg.pdf
392,CC,39330617,dVUFm.pdf
393,CE,17796202,ZQadb.pdf
394,CE,58951107,hxNcK.pdf
395,CC,90270580,YKBfp.pdf
396,CC,02477710,mEfBR.pdf
397,CE,32240303,wcaPm.pdf
398,CC,76130877,TPeqg.pdf
399,CC,79874128,sqWuQ.pdf
400,CE,49328701,bkamI.pdf
401,CE,01281017,zJTWd.pdf
402,CE,75295838,ayfeC.pdf
403,CE,63236663,ilGdI.pdf
404,CC,49270831,zElQe.pdf
405,CE,25260863,zAJBv.pdf
406,CE,82428486,fhFAv.pdf
407,CC,75986150,IQgxZ.pdf
408,CE,04529818,CSJEh.pdf
409,CC,38799124,zdlAa.pdf
410,CC,51862230,OAqah.pdf
411,CC,55512012,dQtyA.pdf
412,CE,39232764,QLxYs.pdf
413,CC,42722820,sVJPq.pdf
414,CC,44243732,ugqDM.pdf
415,CE,83390368,WxkUS.pdf
416,CE,50924220,CHQaU.pdf
417,CC,34348392,ghYzP.pdf
418,CE,34532655,qCrlu.pdf
419,CC,29913462,JTSaG.pdf
420,CC,46884768,tNSQf.pdf
421,CC,79533684,FHrXD.pdf
422,CC,62638607,feFnD.pdf
423,CC,42456744,hFvCI.pdf
424,CE,15999815,SDygt.pdf
425,CC,73327344,kXPMy.pdf
426,CE,72521904,xIWlZ.pdf
427,CE,70752481,hVZyk.pdf
428,CE,13673502,kSxAg.pdf
429,CE,50916560,cqJGW.pdf
430,CC,17640267,UZVHc.pdf
431,CE,43719960,zxUJX.pdf
432,CC,64381048,VWXRb.pdf
433,CE,80968978,NevdC.pdf
434,CE,71973125,AgENO.pdf
435,CE,28640268,wNmAe.pdf
436,CC,63870221,rSdOy.pdf
437,CE,77094198,ehfkE.pdf
438,CE,82042895,XmbZP.pdf
439,CE,91909829,KTBgr.pdf
440,CC,79399420,SKbgo.pdf
441,CC,72765857,uOHPB.pdf
442,CE,89007462,YWfMF.pdf
443,CC,65891062,ARQMw.pdf
444,CC,60240439,GLYlV.pdf
445,CE,69911536,rzwNQ.pdf
446,CC,37376429,aBztw.pdf
447,CE,59789078,hyZYb.pdf
448,CC,76455499,dgcpy.pdf
449,CE,15223847,AtMcO.pdf
450,CE,23972995,KniAQ.pdf
451,CC,32080118,fxOgY.pdf
452,CE,34595916,JVjmb.pdf
453,CC,91421505,wAJbe.pdf
454,CC,38496945,KInXx.pdf
455,CE,34694387,lpYes.pdf
456,CE,74099299,htrnF.pdf
457,CE,33940939,Clowf.pdf
458,CC,71127856,xolQH.pdf
459,CE,57476797,KosfX.pdf
460,CC,95416595,dApmV.pdf
461,CE,59967759,bHfZR.pdf
462,CE,34283656,iVKqY.pdf
463,CC,20973878,CKuhD.pdf
464,CC,69295940,RFxwK.pdf
465,CE,44057703,KvznZ.pdf
466,CC,95536209,bQqzP.pdf
467,CE,94221171,goQiE.pdf
468,CE,67963782,SvQUc.pdf
469,CC,54364988,xUfSm.pdf
470,CE,03082594,tvuHE.pdf
471,CE,46996489,PFoCr.pdf
472,CC,37287053,jFiIm.pdf
473,CC,42294605,BIhKq.pdf
474,CC,38183907,AMPHS.pdf
475,CE,30774206,NryUT.pdf
476,CC,51862828,XVzhK.pdf
477,CE,27752416,ObGvM.pdf
478,CE,59426360,rgsKB.pdf
479,CE,56109764,zoLgI.pdf
480,CE,46740409,wTFEm.pdf
481,CC,42902105,PIQSR.pdf
482,CE,65312899,xgyEO.pdf
483,CC,03297660,WldMI.pdf
484,CC,47800593,kjPLd.pdf
485,CC,57876267,kHXSg.pdf
486,CE,90751318,PYrhJ.pdf
487,CE,87169316,wRjrV.pdf
488,CE,02784474,PMQWY.pdf
489,CC,07770821,HIlvD.pdf
490,CE,15200645,YkpEQ.pdf
491,CE,55961475,dVcye.pdf
492,CE,71030054,sVdhp.pdf
493,CE,83353416,twfYk.pdf
494,CE,86570682,lSFtL.pdf
495,CE,02257610,lQrZm.pdf
496,CC,16357011,mBNYJ.pdf
497,CE,75955398,gQfux.pdf
498,CC,19842162,eNzTy.pdf
499,CE,67515045,otycs.pdf
500,CC,81771029,AjoVs.pdf
501,CE,75273541,bRmya.pdf
502,CE,97110072,lsIJx.pdf
503,CC,42321530,SAzFl.pdf
504,CC,16480376,yIpKx.pdf
505,CE,37498888,KVbmq.pdf
506,CE,77881928,QboKc.pdf
507,CE,06782965,qDRiK.pdf
508,CE,63085841,lMXAh.pdf
509,CE,57585608,bMIhs.pdf
510,CE,52274393,lMpBT.pdf
511,CE,85588742,gDEyi.pdf
512,CE,75600568,CvgaM.pdf
513,CE,46215675,dcqYS.pdf
514,CC,25497504,NwDMF.pdf
515,CE,97396292,gBxuY.pdf
516,CC,89507464,ZjGWa.pdf
517,CC,99626285,PuBhw.pdf
518,CC,90494947,HpTDx.pdf
519,CE,27559536,xIaSh.pdf
520,CE,58578462,yRePM.pdf
521,CC,30908943,TZqVJ.pdf
522,CE,11356627,mDxGH.pdf
523,CC,00091328,VqPIs.pdf
524,CE,36217921,BWTFN.pdf
525,CC,25431666,voVIe.pdf
526,CE,71976440,VNZDW.pdf
527,CC,76091416,aCrOV.pdf
528,CE,56990122,wuAjg.pdf
529,CC,92697049,FBCRy.pdf
530,CC,50487320,uYQFR.pdf
531,CC,83698845,iBbyz.pdf
532,CE,57881233,QEzgK.pdf
533,CC,63690523,QGUbJ.pdf
534,CC,09163752,jYGJD.pdf
535,CC,56366316,XzLmn.pdf
536,CC,17929716,BHIKn.pdf
537,CE,60933926,REnor.pdf
538,CC,33147205,kJqAj.pdf
539,CE,51524982,VsyND.pdf
540,CC,14300539,MUphc.pdf
541,CE,89820273,ckEsP.pdf
542,CE,66803414,sWcdx.pdf
543,CC,42807463,BDgVF.pdf
544,CE,33599817,WkLRq.pdf
545,CE,09942976,hsCES.pdf
546,CE,10677719,QPIfC.pdf
547,CE,92076424,ZswuH.pdf
548,CC,54626646,cCXWN.pdf
549,CC,14703355,dmhRB.pdf
550,CE,48275392,CljIP.pdf
551,CE,93098914,AovEx.pdf
552,CC,86909336,wzYhe.pdf
553,CC,85715950,JozaB.pdf
554,CE,91096240,LjYDZ.pdf
555,CE,12521211,ceftF.pdf
556,CE,61872524,fjrFl.pdf
557,CC,81282629,HRwVt.pdf
558,CE,65026892,aryhk.pdf
559,CC,75143424,SZtUf.pdf
560,CC,04285878,CNiQf.pdf
561,CE,50779679,QufIU.pdf
562,CE,96794826,tJFsj.pdf
563,CC,71715368,qEDBd.pdf
564,CC,63934819,KPXng.pdf
565,CC,65766332,erKjX.pdf
566,CE,84440061,XCKro.pdf
567,CC,15972370,IbsGC.pdf
568,CC,57229051,hUWJN.pdf
569,CE,10542585,ZYCWk.pdf
570,CE,61934708,xCcbU.pdf
571,CC,15024151,pFILu.pdf
572,CC,01499115,uLSHk.pdf
573,CC,42742941,rALTO.pdf
574,CE,57521608,TDSnE.pdf
575,CC,62439794,mKSxf.pdf
576,CE,54712757,lopVx.pdf
577,CE,50719150,Frhfx.pdf
578,CC,43675519,uPqjl.pdf
579,CE,16491400,WRxkm.pdf
580,CE,30237312,PwKDx.pdf
581,CC,69947493,vgnkd.pdf
582,CC,46997669,jaYWl.pdf
583,CC,84611681,pkbZg.pdf
584,CE,51317586,tNvsl.pdf
585,CC,58219971,ihMkB.pdf
586,CE,46848757,PoEBV.pdf
587,CC,03167766,FsMxm.pdf
588,CC,61366684,TzWDE.pdf
589,CC,67195584,sZlzo.pdf
590,CE,88005485,DcbOK.pdf
591,CE,24807314,BzTuy.pdf
592,CE,62154461,LJRHz.pdf
593,CE,91249838,NjhLq.pdf
594,CE,11180946,STlAs.pdf
595,CC,77412453,jovEu.pdf
596,CE,85234423,uKOYq.pdf
597,CC,31533258,jISUO.pdf
598,CC,64598171,jvSAQ.pdf
599,CC,12152298,UFNut.pdf
600,CC,76628430,HanAQ.pdf
601,CE,93098914,CwTVm.pdf
602,CC,86909336,rZmoF.pdf
603,CC,85715950,lSkDw.pdf
604,CE,91096240,VFGrz.pdf
605,CE,12521211,cAiFK.pdf
606,CE,61872524,CdBoN.pdf
607,CC,81282629,gXEmo.pdf
608,CE,65026892,FqRBE.pdf
609,CC,75143424,RVydU.pdf
610,CC,04285878,EkjdI.pdf
611,CE,50779679,IJRab.pdf
612,CE,96794826,zuFbp.pdf
613,CC,71715368,RlJzK.pdf
614,CC,63934819,vrFKM.pdf
615,CC,65766332,zTqGD.pdf
616,CE,84440061,Sbzjh.pdf
617,CC,15972370,jzgYd.pdf
618,CC,57229051,tWyOr.pdf
619,CE,10542585,CxGou.pdf
620,CE,61934708,Pozbe.pdf
621,CC,15024151,eWgFP.pdf
622,CC,01499115,rIfYO.pdf
623,CC,42742941,IFgPo.pdf
624,CE,57521608,zqHLM.pdf
625,CC,62439794,LDbVw.pdf
626,CE,54712757,suKCM.pdf
627,CE,50719150,AopFr.pdf
628,CC,43675519,eawMd.pdf
629,CE,16491400,EOjrf.pdf
630,CE,30237312,TpoCa.pdf
631,CC,69947493,vmstT.pdf
632,CC,46997669,rGRJW.pdf
633,CC,84611681,kdYFo.pdf
634,CE,51317586,NUXZS.pdf
635,CC,58219971,Btkmy.pdf
636,CE,46848757,FtcVv.pdf
637,CC,03167766,vmyGq.pdf
638,CC,61366684,SLMlN.pdf
639,CC,67195584,EArIG.pdf
640,CE,88005485,QqfnX.pdf
641,CE,24807314,GUidg.pdf
642,CE,62154461,FRUhc.pdf
643,CE,91249838,xlQzJ.pdf
644,CE,11180946,NXUCk.pdf
645,CC,77412453,BetPK.pdf
646,CE,85234423,GKIim.pdf
647,CC,31533258,blJAy.pdf
648,CC,64598171,qfKpd.pdf
649,CC,12152298,uhNtx.pdf
650,CC,76628430,OrqNj.pdf
651,CE,93098914,WLJCY.pdf
652,CC,86909336,RJBVW.pdf
653,CC,85715950,NZXQU.pdf
654,CE,91096240,drsCJ.pdf
655,CE,12521211,WnsDA.pdf
656,CE,61872524,DTeMb.pdf
657,CC,81282629,eVMZz.pdf
658,CE,65026892,HEqNu.pdf
659,CC,75143424,sinKB.pdf
660,CC,04285878,qwDhY.pdf
661,CE,50779679,qMjIX.pdf
662,CE,96794826,VYPrN.pdf
663,CC,71715368,pJGRh.pdf
664,CC,63934819,enRhA.pdf
665,CC,65766332,frWza.pdf
666,CE,84440061,ABVrN.pdf
667,CC,15972370,PthaJ.pdf
668,CC,57229051,OpRyz.pdf
669,CE,10542585,BOrQv.pdf
670,CE,61934708,cXafN.pdf
671,CC,15024151,qFQir.pdf
672,CC,01499115,qjUsu.pdf
673,CC,42742941,tXrvw.pdf
674,CE,57521608,oZXde.pdf
675,CC,62439794,uOoAc.pdf
676,CE,54712757,UfOVW.pdf
677,CE,50719150,XfRTu.pdf
678,CC,43675519,noDTK.pdf
679,CE,16491400,rkXRu.pdf
680,CE,30237312,YxdnE.pdf
681,CC,69947493,MIAiC.pdf
682,CC,46997669,ZojXn.pdf
683,CC,84611681,bWaXB.pdf
684,CE,51317586,hdklW.pdf
685,CC,58219971,ZMSEU.pdf
686,CE,46848757,wJxRn.pdf
687,CC,03167766,BLYlZ.pdf
688,CC,61366684,QDRzx.pdf
689,CC,67195584,PtQCg.pdf
690,CE,88005485,dItUJ.pdf
691,CE,24807314,BtxVX.pdf
692,CE,62154461,uXwzi.pdf
693,CE,91249838,dsplj.pdf
694,CE,11180946,BvDXu.pdf
695,CC,77412453,DOMUR.pdf
696,CE,85234423,VKwRr.pdf
697,CC,31533258,xVmqg.pdf
698,CC,64598171,VTptR.pdf
699,CC,12152298,lHGOs.pdf
700,CC,76628430,IscNa.pdf
701,CE,93098914,spZRz.pdf
702,CC,86909336,Khvbs.pdf
703,CC,85715950,ijtgs.pdf
704,CE,91096240,tiJOS.pdf
705,CE,12521211,QMDsB.pdf
706,CE,61872524,EbDnO.pdf
707,CC,81282629,fGuMO.pdf
708,CE,65026892,VgoJK.pdf
709,CC,75143424,DTxpE.pdf
710,CC,04285878,upkZA.pdf
711,CE,50779679,ezTSh.pdf
712,CE,96794826,iWVve.pdf
713,CC,71715368,cPpos.pdf
714,CC,63934819,BQEWX.pdf
715,CC,65766332,bANeq.pdf
716,CE,84440061,OmSRK.pdf
717,CC,15972370,rwAFZ.pdf
718,CC,57229051,MdjXa.pdf
719,CE,10542585,OFvWP.pdf
720,CE,61934708,AVkjq.pdf
721,CC,15024151,BDapd.pdf
722,CC,01499115,qQAyv.pdf
723,CC,42742941,ROwoD.pdf
724,CE,57521608,fhHkL.pdf
725,CC,62439794,olSAX.pdf
726,CE,54712757,BZGDF.pdf
727,CE,50719150,qyKoQ.pdf
728,CC,43675519,QfwnN.pdf
729,CE,16491400,xcvWg.pdf
730,CE,30237312,uUNqb.pdf
731,CC,69947493,mcFau.pdf
732,CC,46997669,cYhzD.pdf
733,CC,84611681,FHXSk.pdf
734,CE,51317586,uqwbg.pdf
735,CC,58219971,FKRWh.pdf
736,CE,46848757,uMOwi.pdf
737,CC,03167766,Gofry.pdf
738,CC,61366684,VopvS.pdf
739,CC,67195584,yIoWS.pdf
740,CE,88005485,aWEOG.pdf
741,CE,24807314,kCOgK.pdf
742,CE,62154461,lAjrI.pdf
743,CE,91249838,mJiZa.pdf
744,CE,11180946,tViJS.pdf
745,CC,77412453,pKWEt.pdf
746,CE,85234423,BysVJ.pdf
747,CC,31533258,ikXCe.pdf
748,CC,64598171,IqDXs.pdf
749,CC,12152298,acvdB.pdf
750,CC,76628430,NwyWa.pdf
751,CE,93098914,IoOWV.pdf
752,CC,86909336,RYZnr.pdf
753,CC,85715950,SoxBC.pdf
754,CE,91096240,QUPnD.pdf
755,CE,12521211,KDkUx.pdf
756,CE,61872524,dJGWl.pdf
757,CC,81282629,gxbSF.pdf
758,CE,65026892,xiDPY.pdf
759,CC,75143424,WLGdT.pdf
760,CC,04285878,HIWOd.pdf
761,CE,50779679,hezkE.pdf
762,CE,96794826,mTGCo.pdf
763,CC,71715368,WFgdl.pdf
764,CC,63934819,whPxz.pdf
765,CC,65766332,Icuat.pdf
766,CE,84440061,CiPkp.pdf
767,CC,15972370,CsNRa.pdf
768,CC,57229051,ESTgM.pdf
769,CE,10542585,QOeWa.pdf
770,CE,61934708,HYdhP.pdf
771,CC,15024151,IhGqL.pdf
772,CC,01499115,XzPsk.pdf
773,CC,42742941,oUygW.pdf
774,CE,57521608,kyIRL.pdf
775,CC,62439794,nyZsO.pdf
776,CE,54712757,xUHFl.pdf
777,CE,50719150,vfPxT.pdf
778,CC,43675519,QoOhe.pdf
779,CE,16491400,DyXJY.pdf
780,CE,30237312,gjiFx.pdf
781,CC,69947493,XMtiU.pdf
782,CC,46997669,mugPW.pdf
783,CC,84611681,Zwkdl.pdf
784,CE,51317586,WIovg.pdf
785,CC,58219971,EkYTU.pdf
786,CE,46848757,HhCVU.pdf
787,CC,03167766,tsLiS.pdf
788,CC,61366684,PsDyc.pdf
789,CC,67195584,kLOJQ.pdf
790,CE,88005485,ZYopP.pdf
791,CE,24807314,xDRYu.pdf
792,CE,62154461,jPvUw.pdf
793,CE,91249838,ZRNUa.pdf
794,CE,11180946,rsReE.pdf
795,CC,77412453,EmkIg.pdf
796,CE,85234423,XJPDB.pdf
797,CC,31533258,ybJIt.pdf
798,CC,64598171,OchDb.pdf
799,CC,12152298,QURpw.pdf
800,CC,76628430,hbmfj.pdf
801,CE,93098914,lkXjA.pdf
802,CC,86909336,cASJd.pdf
803,CC,85715950,ABkzV.pdf
804,CE,91096240,iaHZC.pdf
805,CE,12521211,CYsDo.pdf
806,CE,61872524,fyGDE.pdf
807,CC,81282629,yUohO.pdf
808,CE,65026892,ChWAB.pdf
809,CC,75143424,nlGyx.pdf
810,CC,04285878,WKjND.pdf
811,CE,50779679,ZnxhX.pdf
812,CE,96794826,xURMI.pdf
813,CC,71715368,qKxvO.pdf
814,CC,63934819,nRwBd.pdf
815,CC,65766332,ojTkJ.pdf
816,CE,84440061,tldmH.pdf
817,CC,15972370,dWLez.pdf
818,CC,57229051,yoCAv.pdf
819,CE,10542585,ieCst.pdf
820,CE,61934708,aDKcW.pdf
821,CC,15024151,QGsJd.pdf
822,CC,01499115,EqrcK.pdf
823,CC,42742941,wCico.pdf
824,CE,57521608,kGCvy.pdf
825,CC,62439794,XQEgF.pdf
826,CE,54712757,QWPYI.pdf
827,CE,50719150,hUmvk.pdf
828,CC,43675519,JTSwj.pdf
829,CE,16491400,HJFWZ.pdf
830,CE,30237312,dhrIN.pdf
831,CC,69947493,tagGK.pdf
832,CC,46997669,CbUpJ.pdf
833,CC,84611681,Kfwqx.pdf
834,CE,51317586,xMFZr.pdf
835,CC,58219971,YhlWL.pdf
836,CE,46848757,ubtJj.pdf
837,CC,03167766,CZvVe.pdf
838,CC,61366684,HTtPQ.pdf
839,CC,67195584,nrMpu.pdf
840,CE,88005485,PLzYA.pdf
841,CE,24807314,tjlvL.pdf
842,CE,62154461,UbdBH.pdf
843,CE,91249838,QehOx.pdf
844,CE,11180946,nezrK.pdf
845,CC,77412453,eTXSB.pdf
846,CE,85234423,dYqCk.pdf
847,CC,31533258,aKcvp.pdf
848,CC,64598171,mSXYc.pdf
849,CC,12152298,aLdte.pdf
850,CC,76628430,xSoCi.pdf
851,CE,93098914,LjhMm.pdf
852,CC,86909336,xphgj.pdf
853,CC,85715950,LgFHh.pdf
854,CE,91096240,vzSdr.pdf
855,CE,12521211,daxzI.pdf
856,CE,61872524,kfjJT.pdf
857,CC,81282629,YpkCH.pdf
858,CE,65026892,hBTwY.pdf
859,CC,75143424,Ojsry.pdf
860,CC,04285878,HJcpE.pdf
861,CE,50779679,DPHWK.pdf
862,CE,96794826,ZKHsd.pdf
863,CC,71715368,mCsoh.pdf
864,CC,63934819,qAjLP.pdf
865,CC,65766332,Jcijv.pdf
866,CE,84440061,DWNuE.pdf
867,CC,15972370,qEWcZ.pdf
868,CC,57229051,JYBwU.pdf
869,CE,10542585,hayAD.pdf
870,CE,61934708,uZIWE.pdf
871,CC,15024151,Phmcs.pdf
872,CC,01499115,QAaCN.pdf
873,CC,42742941,DiygH.pdf
874,CE,57521608,IKZBb.pdf
875,CC,62439794,HlBZJ.pdf
876,CE,54712757,VrmcK.pdf
877,CE,50719150,MuKGL.pdf
878,CC,43675519,Gvwnl.pdf
879,CE,16491400,IyuLV.pdf
880,CE,30237312,EcIzv.pdf
881,CC,69947493,ynhWR.pdf
882,CC,46997669,kJVqt.pdf
883,CC,84611681,IsMQD.pdf
884,CE,51317586,uijYO.pdf
885,CC,58219971,yLbGA.pdf
886,CE,46848757,AdzWc.pdf
887,CC,03167766,ZCidq.pdf
888,CC,61366684,ratWO.pdf
889,CC,67195584,HJUKD.pdf
890,CE,88005485,CDcpy.pdf
891,CE,24807314,kDqiZ.pdf
892,CE,62154461,DGnYI.pdf
893,CE,91249838,lRXQH.pdf
894,CE,11180946,oLtaS.pdf
895,CC,77412453,SdJaZ.pdf
896,CE,85234423,rkqmp.pdf
897,CC,31533258,ebUkw.pdf
898,CC,64598171,aZJrt.pdf
899,CC,12152298,IROhv.pdf
900,CC,76628430,bWEqI.pdf
901,CE,93098914,ZckJM.pdf
902,CC,86909336,NcAnk.pdf
903,CC,85715950,VDZoQ.pdf
904,CE,91096240,qvDQl.pdf
905,CE,12521211,xhsNE.pdf
906,CE,61872524,BdOsx.pdf
907,CC,81282629,dcCxX.pdf
908,CE,65026892,FtlJO.pdf
909,CC,75143424,GjZhd.pdf
910,CC,04285878,RovtC.pdf
911,CE,50779679,MjRFy.pdf
912,CE,96794826,BKdDU.pdf
913,CC,71715368,jMTeY.pdf
914,CC,63934819,CgGVs.pdf
915,CC,65766332,iOHpI.pdf
916,CE,84440061,AKCSv.pdf
917,CC,15972370,npENz.pdf
918,CC,57229051,XrxpO.pdf
919,CE,10542585,cnHJG.pdf
920,CE,61934708,eCLBp.pdf
921,CC,15024151,rSvNY.pdf
922,CC,01499115,RrFAW.pdf
923,CC,42742941,nNvZR.pdf
924,CE,57521608,eZYRz.pdf
925,CC,62439794,JoyKx.pdf
926,CE,54712757,cAiYe.pdf
927,CE,50719150,wALVf.pdf
928,CC,43675519,SeABj.pdf
929,CE,16491400,UKHft.pdf
930,CE,30237312,GPMWe.pdf
931,CC,69947493,zZXjf.pdf
932,CC,46997669,yRbEs.pdf
933,CC,84611681,ZKPoN.pdf
934,CE,51317586,KsMUr.pdf
935,CC,58219971,OCpkz.pdf
936,CE,46848757,NoqwH.pdf
937,CC,03167766,NUYkK.pdf
938,CC,61366684,PxvbV.pdf
939,CC,67195584,ZCSBs.pdf
940,CE,88005485,shAxF.pdf
941,CE,24807314,XwvIC.pdf
942,CE,62154461,gKEIW.pdf
943,CE,91249838,PFKtv.pdf
944,CE,11180946,LJsHP.pdf
945,CC,77412453,MrYIZ.pdf
946,CE,85234423,KgTfm.pdf
947,CC,31533258,RmpHb.pdf
948,CC,64598171,tDGed.pdf
949,CC,12152298,Lhwsj.pdf
950,CC,76628430,oihbV.pdf
951,CE,93098914,XGiEt.pdf
952,CC,86909336,WieMv.pdf
953,CC,85715950,WZuaj.pdf
954,CE,91096240,JCTfO.pdf
955,CE,12521211,kUboO.pdf
956,CE,61872524,XhIuW.pdf
957,CC,81282629,gETsU.pdf
958,CE,65026892,EOWHA.pdf
959,CC,75143424,JlwOk.pdf
960,CC,04285878,csTUX.pdf
961,CE,50779679,mZrtF.pdf
962,CE,96794826,pDILV.pdf
963,CC,71715368,qOGXe.pdf
964,CC,63934819,cuBdj.pdf
965,CC,65766332,JEFpz.pdf
966,CE,84440061,SuQKf.pdf
967,CC,15972370,dNDxp.pdf
968,CC,57229051,NLbaM.pdf
969,CE,10542585,UnaYS.pdf
970,CE,61934708,buPqx.pdf
971,CC,15024151,ghcDG.pdf
972,CC,01499115,wGKPx.pdf
973,CC,42742941,liqFQ.pdf
974,CE,57521608,Gvwsd.pdf
975,CC,62439794,Yoepu.pdf
976,CE,54712757,rkIln.pdf
977,CE,50719150,xsynz.pdf
978,CC,43675519,CxzQw.pdf
979,CE,16491400,HkatO.pdf
980,CE,30237312,wBlvz.pdf
981,CC,69947493,zmtcn.pdf
982,CC,46997669,BysSU.pdf
983,CC,84611681,RkmKf.pdf
984,CE,51317586,UmVsY.pdf
985,CC,58219971,mVBwj.pdf
986,CE,46848757,Lphku.pdf
987,CC,03167766,wtXmx.pdf
988,CC,61366684,marVb.pdf
989,CC,67195584,Lnlip.pdf
990,CE,88005485,GsQym.pdf
991,CE,24807314,YrUao.pdf
992,CE,62154461,oLrXl.pdf
993,CE,91249838,VHfWy.pdf
994,CE,11180946,ZRGHd.pdf
995,CC,77412453,TIdul.pdf
996,CE,85234423,yZOCQ.pdf
997,CC,31533258,WhoIs.pdf
998,CC,64598171,KeaTN.pdf
999,CC,12152298,rhdKD.pdf
1000,CC,76628430,Nfgjw.pdf
