legalStandar_no,EVENTS_reference_code,legalStandar
1,693440,file\\\C:fbrBl.pdf
2,480197,file\\\C:COYYn.pdf
3,838828,file\\\C:ugDuI.pdf
4,580481,file\\\C:BnSAN.pdf
5,228545,file\\\C:isWfd.pdf
6,410297,file\\\C:ACMhD.pdf
7,878681,file\\\C:ZFRto.pdf
8,379085,file\\\C:mJayw.pdf
9,822296,file\\\C:xqiOn.pdf
10,363926,file\\\C:AvFcm.pdf
11,291897,file\\\C:HUQfn.pdf
12,109960,file\\\C:NNDlY.pdf
13,775063,file\\\C:uPSYR.pdf
14,760957,file\\\C:lIODu.pdf
15,855519,file\\\C:lBfyV.pdf
16,99673,file\\\C:hXIVb.pdf
17,159760,file\\\C:PjPft.pdf
18,216837,file\\\C:vjgad.pdf
19,726009,file\\\C:rRSgd.pdf
20,65149,file\\\C:SKYIl.pdf
21,285643,file\\\C:dHCYy.pdf
22,839692,file\\\C:LCiMu.pdf
23,647389,file\\\C:oIUJt.pdf
24,990870,file\\\C:GlfYH.pdf
25,693048,file\\\C:Ezyja.pdf
26,239764,file\\\C:GvafI.pdf
27,670869,file\\\C:BxCWI.pdf
28,228359,file\\\C:imUcS.pdf
29,333476,file\\\C:COCJG.pdf
30,66086,file\\\C:YETKE.pdf
31,903411,file\\\C:DBPkU.pdf
32,586174,file\\\C:ccukI.pdf
33,426542,file\\\C:DJBEt.pdf
34,894216,file\\\C:IsOdQ.pdf
35,348360,file\\\C:AYilr.pdf
36,985934,file\\\C:yrkcM.pdf
37,352192,file\\\C:pmuOV.pdf
38,818680,file\\\C:IEFKS.pdf
39,138808,file\\\C:fxziZ.pdf
40,15523,file\\\C:WyrRs.pdf
41,804422,file\\\C:CQutX.pdf
42,497771,file\\\C:HZkUK.pdf
43,188116,file\\\C:ghuMv.pdf
44,517697,file\\\C:CHycg.pdf
45,491848,file\\\C:MWYWF.pdf
46,800865,file\\\C:vfZyt.pdf
47,655103,file\\\C:ONvCE.pdf
48,732089,file\\\C:wvuDj.pdf
49,413080,file\\\C:aBOrP.pdf
50,125758,file\\\C:XvZnC.pdf
51,238547,file\\\C:fCCSc.pdf
52,965382,file\\\C:awzgq.pdf
53,999120,file\\\C:HedCs.pdf
54,870971,file\\\C:crykt.pdf
55,531304,file\\\C:PpWVK.pdf
56,90688,file\\\C:lWwDe.pdf
57,785733,file\\\C:MszPF.pdf
58,494491,file\\\C:YLVOi.pdf
59,166363,file\\\C:ZpVko.pdf
60,822015,file\\\C:rLxnf.pdf
61,921197,file\\\C:wGRsb.pdf
62,221213,file\\\C:oNXZe.pdf
63,19483,file\\\C:wVOhg.pdf
64,401969,file\\\C:NodvH.pdf
65,453402,file\\\C:ISrHO.pdf
66,247317,file\\\C:UkdoO.pdf
67,136721,file\\\C:mcLzb.pdf
68,998321,file\\\C:uUCXU.pdf
69,197909,file\\\C:YLhwd.pdf
70,811790,file\\\C:Oixfb.pdf
71,102656,file\\\C:ytMPm.pdf
72,366145,file\\\C:Armky.pdf
73,147963,file\\\C:LQgbh.pdf
74,54273,file\\\C:RtalC.pdf
75,781614,file\\\C:SQysw.pdf
76,639136,file\\\C:hULLp.pdf
77,891113,file\\\C:oTHPK.pdf
78,21832,file\\\C:anKHv.pdf
79,264920,file\\\C:Hvsko.pdf
80,265234,file\\\C:UBmVV.pdf
81,187811,file\\\C:XhzHs.pdf
82,2877,file\\\C:kvIPK.pdf
83,390878,file\\\C:wRYRX.pdf
84,314055,file\\\C:nSDLJ.pdf
85,942330,file\\\C:sTldy.pdf
86,371181,file\\\C:GoROh.pdf
87,228366,file\\\C:poAga.pdf
88,286779,file\\\C:rvBXt.pdf
89,30515,file\\\C:PiZKv.pdf
90,631852,file\\\C:MhFRn.pdf
91,356824,file\\\C:wjMkF.pdf
92,853826,file\\\C:CVQVq.pdf
93,583769,file\\\C:CWGYU.pdf
94,938997,file\\\C:YcPbK.pdf
95,403428,file\\\C:MvyKK.pdf
96,134073,file\\\C:BIsoA.pdf
97,202140,file\\\C:NKlbO.pdf
98,512888,file\\\C:WlzKp.pdf
99,993754,file\\\C:venDK.pdf
100,982554,file\\\C:BkYSL.pdf
101,253588,file\\\C:UIiSx.pdf
102,922673,file\\\C:ksJVf.pdf
103,785643,file\\\C:KNLhD.pdf
104,615104,file\\\C:qKqor.pdf
105,77945,file\\\C:wihFF.pdf
106,544474,file\\\C:oTHMk.pdf
107,152263,file\\\C:wCuBD.pdf
108,901810,file\\\C:WcBHG.pdf
109,722403,file\\\C:oocTo.pdf
110,388746,file\\\C:BrjLK.pdf
111,589832,file\\\C:AhNZZ.pdf
112,68733,file\\\C:bxUeW.pdf
113,652643,file\\\C:CiHKm.pdf
114,969224,file\\\C:btmoY.pdf
115,650615,file\\\C:fajRQ.pdf
116,153835,file\\\C:wfzmG.pdf
117,311917,file\\\C:evLao.pdf
118,764672,file\\\C:PxTTm.pdf
119,666726,file\\\C:jkZfu.pdf
120,353823,file\\\C:uRbxP.pdf
121,732467,file\\\C:Tvzgc.pdf
122,782378,file\\\C:pfnAk.pdf
123,690321,file\\\C:YAkUN.pdf
124,221466,file\\\C:tbMNK.pdf
125,994233,file\\\C:ForWz.pdf
126,227486,file\\\C:PYpUE.pdf
127,766193,file\\\C:woFlM.pdf
128,587390,file\\\C:ElrWO.pdf
129,390602,file\\\C:jSAaG.pdf
130,990359,file\\\C:acqlK.pdf
131,151809,file\\\C:xcOST.pdf
132,691213,file\\\C:Bttpv.pdf
133,185326,file\\\C:cPRFa.pdf
134,955689,file\\\C:ogoXf.pdf
135,544737,file\\\C:RoOYh.pdf
136,2898,file\\\C:svlaJ.pdf
137,947846,file\\\C:MZbtW.pdf
138,992590,file\\\C:mtqtY.pdf
139,816492,file\\\C:icTPG.pdf
140,648432,file\\\C:sBHnA.pdf
141,859101,file\\\C:RVfUI.pdf
142,491984,file\\\C:Qddui.pdf
143,25642,file\\\C:ZDRTe.pdf
144,883796,file\\\C:ejkAO.pdf
145,295756,file\\\C:JoJhZ.pdf
146,400911,file\\\C:rEjUp.pdf
147,464314,file\\\C:GRtao.pdf
148,138204,file\\\C:FKmsm.pdf
149,994778,file\\\C:HHTfp.pdf
150,702968,file\\\C:Ingmh.pdf
151,883793,file\\\C:AVJUh.pdf
152,675170,file\\\C:oJiAX.pdf
153,610168,file\\\C:PsQnt.pdf
154,8635,file\\\C:gMiFC.pdf
155,365352,file\\\C:LTSGi.pdf
156,757179,file\\\C:mpVwM.pdf
157,144063,file\\\C:Firzm.pdf
158,9228,file\\\C:jOajj.pdf
159,614251,file\\\C:EVhYM.pdf
160,626411,file\\\C:BEGKL.pdf
161,189749,file\\\C:DSadj.pdf
162,761963,file\\\C:VkbKf.pdf
163,716020,file\\\C:wYYJT.pdf
164,6669,file\\\C:PsoEk.pdf
165,575057,file\\\C:hNzjf.pdf
166,917709,file\\\C:ujlAw.pdf
167,786560,file\\\C:GMqDV.pdf
168,623880,file\\\C:vDRpz.pdf
169,669775,file\\\C:xGqaU.pdf
170,724758,file\\\C:NISxp.pdf
171,842675,file\\\C:DiVYW.pdf
172,582002,file\\\C:KEyJu.pdf
173,584160,file\\\C:NGMzF.pdf
174,33818,file\\\C:gyGnm.pdf
175,499598,file\\\C:qWcgf.pdf
176,805176,file\\\C:JzJuu.pdf
177,985604,file\\\C:FChXJ.pdf
178,144399,file\\\C:CUNCU.pdf
179,769540,file\\\C:nVsUV.pdf
180,229654,file\\\C:OPUUS.pdf
181,271592,file\\\C:DJHGF.pdf
182,790875,file\\\C:NqFiN.pdf
183,278065,file\\\C:RUwes.pdf
184,472125,file\\\C:CJpeS.pdf
185,121335,file\\\C:ZERTa.pdf
186,538347,file\\\C:qEPQy.pdf
187,758827,file\\\C:HUSyu.pdf
188,489669,file\\\C:jjJgj.pdf
189,89902,file\\\C:hNrOG.pdf
190,913141,file\\\C:ryyIc.pdf
191,224282,file\\\C:RqpCc.pdf
192,70496,file\\\C:QTYcn.pdf
193,754091,file\\\C:mBxWL.pdf
194,716732,file\\\C:CvTNb.pdf
195,893086,file\\\C:UzcrK.pdf
196,91622,file\\\C:EbIxq.pdf
197,956156,file\\\C:GNLQq.pdf
198,878502,file\\\C:cEKwE.pdf
199,475847,file\\\C:BkiGm.pdf
200,33893,file\\\C:gJBxz.pdf
201,660524,file\\\C:aGoiI.pdf
202,895011,file\\\C:zUKmQ.pdf
203,832402,file\\\C:mFhGo.pdf
204,790033,file\\\C:olnSr.pdf
205,706166,file\\\C:SbOCM.pdf
206,344867,file\\\C:ueOCv.pdf
207,788216,file\\\C:NmvPO.pdf
208,104072,file\\\C:vKyLf.pdf
209,317240,file\\\C:CZfzL.pdf
210,468617,file\\\C:JaOXB.pdf
211,867206,file\\\C:IOkmy.pdf
212,449492,file\\\C:fALrS.pdf
213,643907,file\\\C:aBYoL.pdf
214,824627,file\\\C:ioTUI.pdf
215,999069,file\\\C:hNDsK.pdf
216,95457,file\\\C:LQvgQ.pdf
217,903313,file\\\C:KEdCh.pdf
218,638264,file\\\C:njNSV.pdf
219,839012,file\\\C:EzrcJ.pdf
220,785440,file\\\C:pzLPQ.pdf
221,192388,file\\\C:MhXUp.pdf
222,40686,file\\\C:TZGyo.pdf
223,648442,file\\\C:bEdER.pdf
224,53513,file\\\C:IEXDR.pdf
225,949765,file\\\C:PFlbB.pdf
226,866461,file\\\C:UZfLl.pdf
227,123720,file\\\C:tnnVC.pdf
228,811966,file\\\C:sQrvj.pdf
229,681540,file\\\C:xXnRH.pdf
230,630978,file\\\C:GUDLQ.pdf
231,419129,file\\\C:dNCsQ.pdf
232,671642,file\\\C:lJXYm.pdf
233,286788,file\\\C:bKzEP.pdf
234,415163,file\\\C:XUElG.pdf
235,801844,file\\\C:nXqqU.pdf
236,942442,file\\\C:Cplrp.pdf
237,312164,file\\\C:UNSas.pdf
238,335853,file\\\C:yPJCF.pdf
239,71386,file\\\C:XVkcI.pdf
240,402610,file\\\C:BeHZw.pdf
241,495423,file\\\C:MuEqN.pdf
242,580530,file\\\C:wphbL.pdf
243,149506,file\\\C:BdhyP.pdf
244,151784,file\\\C:HqTTy.pdf
245,613623,file\\\C:tFMwZ.pdf
246,422974,file\\\C:kokzN.pdf
247,580564,file\\\C:BoqNR.pdf
248,373959,file\\\C:Paocj.pdf
249,967899,file\\\C:qOokr.pdf
250,920708,file\\\C:hGjDX.pdf
251,140265,file\\\C:vtQMY.pdf
252,803911,file\\\C:wZMGc.pdf
253,578575,file\\\C:jBNVf.pdf
254,368485,file\\\C:dFpWZ.pdf
255,152868,file\\\C:AltyM.pdf
256,846385,file\\\C:YFcQt.pdf
257,268538,file\\\C:KBNUb.pdf
258,671299,file\\\C:rlEsq.pdf
259,864226,file\\\C:hinxF.pdf
260,993610,file\\\C:nPqSn.pdf
261,217298,file\\\C:joJKH.pdf
262,35167,file\\\C:OfJbc.pdf
263,359065,file\\\C:LlZze.pdf
264,893472,file\\\C:vfddU.pdf
265,744068,file\\\C:jdgdc.pdf
266,298339,file\\\C:skSHT.pdf
267,96637,file\\\C:nkAxg.pdf
268,686220,file\\\C:KJLaf.pdf
269,158282,file\\\C:UFsXp.pdf
270,766817,file\\\C:gwNwr.pdf
271,842666,file\\\C:lsNUU.pdf
272,608634,file\\\C:hnHuM.pdf
273,743825,file\\\C:VCvwZ.pdf
274,357034,file\\\C:KduEP.pdf
275,576282,file\\\C:YGxtP.pdf
276,694210,file\\\C:eJmYG.pdf
277,169349,file\\\C:sLkte.pdf
278,345211,file\\\C:TEwow.pdf
279,382642,file\\\C:bZwRt.pdf
280,235004,file\\\C:AEmsv.pdf
281,332131,file\\\C:uLoMF.pdf
282,737489,file\\\C:UqYtn.pdf
283,249984,file\\\C:AirYm.pdf
284,854336,file\\\C:BCKBS.pdf
285,337183,file\\\C:aNNFU.pdf
286,920546,file\\\C:hbcoA.pdf
287,686645,file\\\C:zdRvS.pdf
288,414821,file\\\C:OdjJQ.pdf
289,773410,file\\\C:QZGYq.pdf
290,579882,file\\\C:OuYHk.pdf
291,405111,file\\\C:gEnkf.pdf
292,943065,file\\\C:dryDp.pdf
293,254082,file\\\C:pwqsV.pdf
294,377148,file\\\C:LRolM.pdf
295,798693,file\\\C:MBRIm.pdf
296,955400,file\\\C:zMGJs.pdf
297,576388,file\\\C:AuCPv.pdf
298,955503,file\\\C:gQBHu.pdf
299,841689,file\\\C:sttqq.pdf
300,455866,file\\\C:oojxU.pdf
301,606448,file\\\C:rpeBA.pdf
302,146618,file\\\C:CAMJL.pdf
303,396852,file\\\C:CRVSb.pdf
304,213728,file\\\C:tBhOo.pdf
305,676522,file\\\C:qtKEm.pdf
306,30597,file\\\C:fBzey.pdf
307,470766,file\\\C:TepIr.pdf
308,790909,file\\\C:APcZL.pdf
309,692991,file\\\C:FvyBf.pdf
310,891437,file\\\C:jvYMH.pdf
311,936835,file\\\C:cJDOk.pdf
312,18986,file\\\C:LqDIg.pdf
313,559999,file\\\C:sfCKU.pdf
314,17605,file\\\C:zHIBf.pdf
315,264625,file\\\C:LKkmq.pdf
316,703144,file\\\C:kXHaW.pdf
317,651969,file\\\C:KyPAw.pdf
318,346383,file\\\C:skTZf.pdf
319,401459,file\\\C:AJwaF.pdf
320,649838,file\\\C:shMgN.pdf
321,338774,file\\\C:klXcI.pdf
322,183678,file\\\C:aPuGQ.pdf
323,542709,file\\\C:ioOhN.pdf
324,401975,file\\\C:JMeNL.pdf
325,954013,file\\\C:guiTl.pdf
326,305152,file\\\C:OqEbq.pdf
327,796575,file\\\C:mAwMB.pdf
328,478933,file\\\C:pztRa.pdf
329,753043,file\\\C:BnYGP.pdf
330,922978,file\\\C:akaMz.pdf
331,729366,file\\\C:DoGUo.pdf
332,794627,file\\\C:qizGP.pdf
333,61708,file\\\C:BBaWN.pdf
334,691404,file\\\C:QTmTI.pdf
335,830007,file\\\C:pmORr.pdf
336,561861,file\\\C:QcqKA.pdf
337,24034,file\\\C:jOBqt.pdf
338,488441,file\\\C:DlHzx.pdf
339,579575,file\\\C:iRFPl.pdf
340,909855,file\\\C:sBItH.pdf
341,858079,file\\\C:GNpfe.pdf
342,333061,file\\\C:whFPS.pdf
343,494180,file\\\C:MUVcj.pdf
344,269041,file\\\C:rzLFK.pdf
345,516109,file\\\C:zOpZS.pdf
346,910476,file\\\C:iONWs.pdf
347,272764,file\\\C:KMUEu.pdf
348,205689,file\\\C:OnkcL.pdf
349,614664,file\\\C:iyZXK.pdf
350,349636,file\\\C:qYcOd.pdf
351,634575,file\\\C:zeGQv.pdf
352,239174,file\\\C:RiWga.pdf
353,431587,file\\\C:amWiN.pdf
354,764843,file\\\C:DrGJg.pdf
355,273321,file\\\C:UxdXD.pdf
356,767773,file\\\C:XdLuB.pdf
357,231667,file\\\C:ssMPy.pdf
358,490614,file\\\C:zQLlV.pdf
359,749281,file\\\C:MIREx.pdf
360,145129,file\\\C:XCOzD.pdf
361,615929,file\\\C:ahdvw.pdf
362,377241,file\\\C:prmZg.pdf
363,910502,file\\\C:xnsMk.pdf
364,353371,file\\\C:mbPkV.pdf
365,850579,file\\\C:PHpts.pdf
366,101334,file\\\C:gARzt.pdf
367,19672,file\\\C:czVIU.pdf
368,488106,file\\\C:qCLrn.pdf
369,685239,file\\\C:fmFvO.pdf
370,235736,file\\\C:LJBGw.pdf
371,464090,file\\\C:OMmue.pdf
372,251336,file\\\C:rmXJw.pdf
373,906348,file\\\C:HPuGa.pdf
374,325576,file\\\C:UCdVJ.pdf
375,631593,file\\\C:fAalg.pdf
376,929831,file\\\C:CowOC.pdf
377,946357,file\\\C:QXZtK.pdf
378,455488,file\\\C:xkRYs.pdf
379,908746,file\\\C:TOdPP.pdf
380,438408,file\\\C:lyzER.pdf
381,311255,file\\\C:EhrCL.pdf
382,749486,file\\\C:hlnoT.pdf
383,363832,file\\\C:LrMzo.pdf
384,253332,file\\\C:ERNmZ.pdf
385,598776,file\\\C:AyVOO.pdf
386,230188,file\\\C:cFErT.pdf
387,315730,file\\\C:oxTIq.pdf
388,828522,file\\\C:hkcGz.pdf
389,490602,file\\\C:mFUVf.pdf
390,709692,file\\\C:CzQyF.pdf
391,632483,file\\\C:mkJfM.pdf
392,803148,file\\\C:PGipL.pdf
393,30784,file\\\C:xwdVK.pdf
394,897890,file\\\C:dtiwm.pdf
395,440561,file\\\C:cQMmN.pdf
396,435719,file\\\C:RdjOA.pdf
397,1378,file\\\C:rnvPc.pdf
398,28471,file\\\C:JgeGn.pdf
399,914370,file\\\C:fCeRh.pdf
400,294528,file\\\C:fsOWA.pdf
401,727547,file\\\C:ZWFJO.pdf
402,813712,file\\\C:VFCGO.pdf
403,565265,file\\\C:zpUZZ.pdf
404,220887,file\\\C:VWDuc.pdf
405,351836,file\\\C:BZWse.pdf
406,520335,file\\\C:gxqBJ.pdf
407,266048,file\\\C:nTIbi.pdf
408,9897,file\\\C:fLgmd.pdf
409,513583,file\\\C:yVbYG.pdf
410,459557,file\\\C:qYPcs.pdf
411,428461,file\\\C:gnCAP.pdf
412,240781,file\\\C:ujkzW.pdf
413,477363,file\\\C:dRwQg.pdf
414,839668,file\\\C:tJdFx.pdf
415,12164,file\\\C:LZeDz.pdf
416,132609,file\\\C:FKlfj.pdf
417,971880,file\\\C:AELKu.pdf
418,591881,file\\\C:LWDES.pdf
419,360127,file\\\C:WNEre.pdf
420,494796,file\\\C:gNjPD.pdf
421,894829,file\\\C:lpwNb.pdf
422,363996,file\\\C:BkpaV.pdf
423,56409,file\\\C:SZagV.pdf
424,584845,file\\\C:YDlWa.pdf
425,410615,file\\\C:GPjbt.pdf
426,335188,file\\\C:AXXGs.pdf
427,218042,file\\\C:NlBHE.pdf
428,648085,file\\\C:BXYLB.pdf
429,340464,file\\\C:diLwI.pdf
430,192536,file\\\C:xCgEY.pdf
431,923933,file\\\C:KhlVr.pdf
432,460261,file\\\C:YvjNa.pdf
433,593020,file\\\C:IhpEB.pdf
434,285173,file\\\C:lwqem.pdf
435,300254,file\\\C:IqmIk.pdf
436,230278,file\\\C:nwwsC.pdf
437,240072,file\\\C:jjjAi.pdf
438,574354,file\\\C:nOYmr.pdf
439,255077,file\\\C:GkpQt.pdf
440,440754,file\\\C:otdvg.pdf
441,855225,file\\\C:XwHZv.pdf
442,345817,file\\\C:xGCsM.pdf
443,698003,file\\\C:ZctBn.pdf
444,166461,file\\\C:fdGWL.pdf
445,535704,file\\\C:DJpGn.pdf
446,960723,file\\\C:csEbJ.pdf
447,832192,file\\\C:sMHpy.pdf
448,971044,file\\\C:SGSjb.pdf
449,637974,file\\\C:TUfTX.pdf
450,233742,file\\\C:tlexm.pdf
451,38190,file\\\C:JBpOB.pdf
452,460976,file\\\C:IByvc.pdf
453,7278,file\\\C:cZMOh.pdf
454,44748,file\\\C:aXdbZ.pdf
455,332547,file\\\C:ECBHZ.pdf
456,912096,file\\\C:EyFKk.pdf
457,138600,file\\\C:mARFv.pdf
458,7739,file\\\C:zMPXh.pdf
459,58418,file\\\C:XppET.pdf
460,622580,file\\\C:mblQq.pdf
461,904247,file\\\C:BQSrr.pdf
462,45283,file\\\C:IFQOR.pdf
463,433866,file\\\C:NCvWW.pdf
464,460806,file\\\C:UOdbg.pdf
465,522857,file\\\C:EBsvK.pdf
466,112060,file\\\C:tmmxA.pdf
467,976020,file\\\C:ZFyko.pdf
468,373648,file\\\C:FDhrr.pdf
469,115568,file\\\C:lqQop.pdf
470,684141,file\\\C:nICzX.pdf
471,625634,file\\\C:HGKCK.pdf
472,262689,file\\\C:nHXEV.pdf
473,68442,file\\\C:tZCPI.pdf
474,27296,file\\\C:YnrWs.pdf
475,975385,file\\\C:VcGcc.pdf
476,259135,file\\\C:Qvjpv.pdf
477,314023,file\\\C:EvpLd.pdf
478,595094,file\\\C:tFocr.pdf
479,343695,file\\\C:oaWOf.pdf
480,213272,file\\\C:Yvpdy.pdf
481,622434,file\\\C:bxcGw.pdf
482,611481,file\\\C:PqnkP.pdf
483,435221,file\\\C:KFGWa.pdf
484,300457,file\\\C:Ctilh.pdf
485,918584,file\\\C:zfOvQ.pdf
486,813157,file\\\C:zkSFf.pdf
487,889929,file\\\C:EhEok.pdf
488,69203,file\\\C:TADrR.pdf
489,111314,file\\\C:XpqDO.pdf
490,511100,file\\\C:priGS.pdf
491,100658,file\\\C:vybBZ.pdf
492,371498,file\\\C:SXTBA.pdf
493,836350,file\\\C:NtfxY.pdf
494,219540,file\\\C:QOOqs.pdf
495,407374,file\\\C:pdOmD.pdf
496,878908,file\\\C:lCJUB.pdf
497,53476,file\\\C:NfaSl.pdf
498,538843,file\\\C:MggdB.pdf
499,974395,file\\\C:tyRWB.pdf
500,127733,file\\\C:HuqUA.pdf
501,471451,file\\\C:tEYnq.pdf
502,199565,file\\\C:LteAe.pdf
503,584547,file\\\C:LYRxG.pdf
504,244688,file\\\C:lGofH.pdf
505,698102,file\\\C:Drvyc.pdf
506,648209,file\\\C:vBorQ.pdf
507,40259,file\\\C:yrIHX.pdf
508,750148,file\\\C:wMiNy.pdf
509,939486,file\\\C:SVDuS.pdf
510,230423,file\\\C:FrKNA.pdf
511,970170,file\\\C:ppiJs.pdf
512,216758,file\\\C:LSMPF.pdf
513,588782,file\\\C:QHPLL.pdf
514,737869,file\\\C:JGocs.pdf
515,899851,file\\\C:FmanS.pdf
516,486372,file\\\C:vAHUZ.pdf
517,764699,file\\\C:qvRBw.pdf
518,122144,file\\\C:jdtkJ.pdf
519,853604,file\\\C:slpJn.pdf
520,269292,file\\\C:gujiu.pdf
521,896064,file\\\C:Gzsjv.pdf
522,928297,file\\\C:zUyzP.pdf
523,256526,file\\\C:jqWNr.pdf
524,285187,file\\\C:DKVTh.pdf
525,98125,file\\\C:nYskr.pdf
526,867212,file\\\C:ZYKrU.pdf
527,904130,file\\\C:KpOlK.pdf
528,43343,file\\\C:GXjQC.pdf
529,199197,file\\\C:cwpBP.pdf
530,91434,file\\\C:CWvzI.pdf
531,75093,file\\\C:PISgK.pdf
532,289349,file\\\C:OoBvo.pdf
533,616404,file\\\C:eVdSQ.pdf
534,616409,file\\\C:CESCQ.pdf
535,669588,file\\\C:RhKpN.pdf
536,268589,file\\\C:udKin.pdf
537,178168,file\\\C:yLGeR.pdf
538,217299,file\\\C:aUgHh.pdf
539,377923,file\\\C:qmMFQ.pdf
540,891894,file\\\C:gbSQk.pdf
541,829671,file\\\C:uypWJ.pdf
542,12374,file\\\C:dYele.pdf
543,370770,file\\\C:VIWLu.pdf
544,638304,file\\\C:dAnoV.pdf
545,750693,file\\\C:xVSFx.pdf
546,760949,file\\\C:UXJRp.pdf
547,686808,file\\\C:OsGpK.pdf
548,909808,file\\\C:uDMdO.pdf
549,548303,file\\\C:ESjhE.pdf
550,925877,file\\\C:qGybS.pdf
551,693440,file\\\C:plBDr.pdf
552,480197,file\\\C:LZoLh.pdf
553,838828,file\\\C:cWYXF.pdf
554,580481,file\\\C:elPtp.pdf
555,228545,file\\\C:wRwbS.pdf
556,410297,file\\\C:CTjzW.pdf
557,878681,file\\\C:EJpQu.pdf
558,379085,file\\\C:FSQLV.pdf
559,822296,file\\\C:CeGxy.pdf
560,363926,file\\\C:sQkZn.pdf
561,291897,file\\\C:SJVnX.pdf
562,109960,file\\\C:GWijJ.pdf
563,775063,file\\\C:gMvCK.pdf
564,760957,file\\\C:uokoV.pdf
565,855519,file\\\C:oKCHT.pdf
566,99673,file\\\C:oaRTb.pdf
567,159760,file\\\C:KTjRr.pdf
568,216837,file\\\C:dXCSq.pdf
569,726009,file\\\C:nkpLL.pdf
570,65149,file\\\C:gejGJ.pdf
571,285643,file\\\C:jBNfy.pdf
572,839692,file\\\C:bMJqO.pdf
573,647389,file\\\C:WVuqC.pdf
574,990870,file\\\C:tksON.pdf
575,693048,file\\\C:Telec.pdf
576,239764,file\\\C:hxiHg.pdf
577,670869,file\\\C:PFJoM.pdf
578,228359,file\\\C:yBKoM.pdf
579,333476,file\\\C:iPuDI.pdf
580,66086,file\\\C:AFGWr.pdf
581,903411,file\\\C:euuqG.pdf
582,586174,file\\\C:WgJGx.pdf
583,426542,file\\\C:JVuyS.pdf
584,894216,file\\\C:tJQAY.pdf
585,348360,file\\\C:OnmXX.pdf
586,985934,file\\\C:ZXyJK.pdf
587,352192,file\\\C:dhVGk.pdf
588,818680,file\\\C:ehhzo.pdf
589,138808,file\\\C:jePex.pdf
590,15523,file\\\C:rfbVY.pdf
591,804422,file\\\C:onevW.pdf
592,497771,file\\\C:HrwSh.pdf
593,188116,file\\\C:Wmssm.pdf
594,517697,file\\\C:LqGIj.pdf
595,491848,file\\\C:OThFw.pdf
596,800865,file\\\C:DdiAM.pdf
597,655103,file\\\C:ryOdU.pdf
598,732089,file\\\C:KYaxs.pdf
599,413080,file\\\C:RTYbc.pdf
600,125758,file\\\C:eObjV.pdf
601,693440,file\\\C:hLJQK.pdf
602,480197,file\\\C:LCYxN.pdf
603,838828,file\\\C:QeJTu.pdf
604,580481,file\\\C:TGdhB.pdf
605,228545,file\\\C:YDLIU.pdf
606,410297,file\\\C:QmZKN.pdf
607,878681,file\\\C:GrQna.pdf
608,379085,file\\\C:DrZcq.pdf
609,822296,file\\\C:qdCjC.pdf
610,363926,file\\\C:Orilp.pdf
611,291897,file\\\C:cIydZ.pdf
612,109960,file\\\C:XxTBL.pdf
613,775063,file\\\C:SKQMB.pdf
614,760957,file\\\C:Wzswk.pdf
615,855519,file\\\C:kdpDV.pdf
616,99673,file\\\C:KaXhu.pdf
617,159760,file\\\C:FKucN.pdf
618,216837,file\\\C:uqHaJ.pdf
619,726009,file\\\C:uUbiL.pdf
620,65149,file\\\C:zlRMh.pdf
621,285643,file\\\C:fGixq.pdf
622,839692,file\\\C:gqKDx.pdf
623,647389,file\\\C:ldcIe.pdf
624,990870,file\\\C:TpWCX.pdf
625,693048,file\\\C:ZYSvA.pdf
626,239764,file\\\C:llsUJ.pdf
627,670869,file\\\C:JQgeT.pdf
628,228359,file\\\C:QzHTg.pdf
629,333476,file\\\C:ehFLt.pdf
630,66086,file\\\C:XUEsu.pdf
631,903411,file\\\C:nDvIj.pdf
632,586174,file\\\C:TYGkq.pdf
633,426542,file\\\C:AJuTf.pdf
634,894216,file\\\C:sqvYs.pdf
635,348360,file\\\C:iLKjn.pdf
636,985934,file\\\C:dqzGB.pdf
637,352192,file\\\C:xcGOS.pdf
638,818680,file\\\C:CuRKA.pdf
639,138808,file\\\C:TvOHC.pdf
640,15523,file\\\C:OosFV.pdf
641,804422,file\\\C:PyWfF.pdf
642,497771,file\\\C:NAIdG.pdf
643,188116,file\\\C:kYUJJ.pdf
644,517697,file\\\C:RgQXH.pdf
645,491848,file\\\C:QBjDe.pdf
646,800865,file\\\C:bMQZN.pdf
647,655103,file\\\C:xlWnC.pdf
648,732089,file\\\C:pLnHJ.pdf
649,413080,file\\\C:oIZvc.pdf
650,125758,file\\\C:Vqyad.pdf
651,693440,file\\\C:FvKwO.pdf
652,480197,file\\\C:TYsed.pdf
653,838828,file\\\C:rJMzB.pdf
654,580481,file\\\C:XahwQ.pdf
655,228545,file\\\C:plNeY.pdf
656,410297,file\\\C:ySqCp.pdf
657,878681,file\\\C:OIjoe.pdf
658,379085,file\\\C:rQVIG.pdf
659,822296,file\\\C:TJOth.pdf
660,363926,file\\\C:LSmZi.pdf
661,291897,file\\\C:BxrHq.pdf
662,109960,file\\\C:ZuDfH.pdf
663,775063,file\\\C:VsVfw.pdf
664,760957,file\\\C:IZnCg.pdf
665,855519,file\\\C:wQQZY.pdf
666,99673,file\\\C:aBmji.pdf
667,159760,file\\\C:VOQpl.pdf
668,216837,file\\\C:nWVAi.pdf
669,726009,file\\\C:jiheQ.pdf
670,65149,file\\\C:kqOIT.pdf
671,285643,file\\\C:seEzG.pdf
672,839692,file\\\C:KQFvN.pdf
673,647389,file\\\C:qmSVa.pdf
674,990870,file\\\C:papBl.pdf
675,693048,file\\\C:HxKAa.pdf
676,239764,file\\\C:KJtSU.pdf
677,670869,file\\\C:NBTHV.pdf
678,228359,file\\\C:ysjOD.pdf
679,333476,file\\\C:MWcJF.pdf
680,66086,file\\\C:gzXQc.pdf
681,903411,file\\\C:crPMF.pdf
682,586174,file\\\C:sRxTN.pdf
683,426542,file\\\C:ROJVz.pdf
684,894216,file\\\C:lIgxM.pdf
685,348360,file\\\C:cFrra.pdf
686,985934,file\\\C:LHXjc.pdf
687,352192,file\\\C:aOFio.pdf
688,818680,file\\\C:FzkNu.pdf
689,138808,file\\\C:lurhU.pdf
690,15523,file\\\C:nveYA.pdf
691,804422,file\\\C:iHkqa.pdf
692,497771,file\\\C:omidZ.pdf
693,188116,file\\\C:XfzoT.pdf
694,517697,file\\\C:XCZzv.pdf
695,491848,file\\\C:SXXQi.pdf
696,800865,file\\\C:tBNGH.pdf
697,655103,file\\\C:njDGC.pdf
698,732089,file\\\C:DURIu.pdf
699,413080,file\\\C:wxOYA.pdf
700,125758,file\\\C:SIGjg.pdf
701,693440,file\\\C:JhUhf.pdf
702,480197,file\\\C:vobwu.pdf
703,838828,file\\\C:MzgND.pdf
704,580481,file\\\C:AttOb.pdf
705,228545,file\\\C:jvYcp.pdf
706,410297,file\\\C:QmUbE.pdf
707,878681,file\\\C:MkaZI.pdf
708,379085,file\\\C:aVVaY.pdf
709,822296,file\\\C:CYeqQ.pdf
710,363926,file\\\C:UIvlz.pdf
711,291897,file\\\C:CTINU.pdf
712,109960,file\\\C:CauFH.pdf
713,775063,file\\\C:YMDDd.pdf
714,760957,file\\\C:iCvBB.pdf
715,855519,file\\\C:KYEZn.pdf
716,99673,file\\\C:bgFkP.pdf
717,159760,file\\\C:wlQbQ.pdf
718,216837,file\\\C:vvudp.pdf
719,726009,file\\\C:foMmp.pdf
720,65149,file\\\C:OPtzF.pdf
721,285643,file\\\C:juMQY.pdf
722,839692,file\\\C:eGfhx.pdf
723,647389,file\\\C:iIjvi.pdf
724,990870,file\\\C:pbgQS.pdf
725,693048,file\\\C:XEAxs.pdf
726,239764,file\\\C:DpOAm.pdf
727,670869,file\\\C:hurTT.pdf
728,228359,file\\\C:RvmPv.pdf
729,333476,file\\\C:Helpx.pdf
730,66086,file\\\C:FyLEz.pdf
731,903411,file\\\C:VjEWd.pdf
732,586174,file\\\C:kxOpi.pdf
733,426542,file\\\C:tWutZ.pdf
734,894216,file\\\C:Fbiur.pdf
735,348360,file\\\C:wqbqr.pdf
736,985934,file\\\C:IFfgT.pdf
737,352192,file\\\C:Psfia.pdf
738,818680,file\\\C:osjDy.pdf
739,138808,file\\\C:bBehV.pdf
740,15523,file\\\C:wazqe.pdf
741,804422,file\\\C:TjfqX.pdf
742,497771,file\\\C:WAoDf.pdf
743,188116,file\\\C:zZslp.pdf
744,517697,file\\\C:drwKq.pdf
745,491848,file\\\C:WEoTK.pdf
746,800865,file\\\C:IwomE.pdf
747,655103,file\\\C:ZruRn.pdf
748,732089,file\\\C:MyZou.pdf
749,413080,file\\\C:XKjtx.pdf
750,125758,file\\\C:dXcUJ.pdf
751,693440,file\\\C:OOHaf.pdf
752,480197,file\\\C:BSTVt.pdf
753,838828,file\\\C:jSxrF.pdf
754,580481,file\\\C:JArcV.pdf
755,228545,file\\\C:BZvAG.pdf
756,410297,file\\\C:nJavx.pdf
757,878681,file\\\C:jcVQh.pdf
758,379085,file\\\C:EtriW.pdf
759,822296,file\\\C:PfZsN.pdf
760,363926,file\\\C:HnRAm.pdf
761,291897,file\\\C:WYdLN.pdf
762,109960,file\\\C:aXGcQ.pdf
763,775063,file\\\C:cDLBw.pdf
764,760957,file\\\C:FGPzp.pdf
765,855519,file\\\C:gLMgT.pdf
766,99673,file\\\C:cJSwQ.pdf
767,159760,file\\\C:FJoyn.pdf
768,216837,file\\\C:BKMDr.pdf
769,726009,file\\\C:tyQnu.pdf
770,65149,file\\\C:rDxtl.pdf
771,285643,file\\\C:inFCj.pdf
772,839692,file\\\C:Xxvnb.pdf
773,647389,file\\\C:gRFDi.pdf
774,990870,file\\\C:CySNI.pdf
775,693048,file\\\C:SoRic.pdf
776,239764,file\\\C:LefFN.pdf
777,670869,file\\\C:DfeNl.pdf
778,228359,file\\\C:dKhHw.pdf
779,333476,file\\\C:cSoID.pdf
780,66086,file\\\C:anxfV.pdf
781,903411,file\\\C:fdOwN.pdf
782,586174,file\\\C:QaLsz.pdf
783,426542,file\\\C:sSEwb.pdf
784,894216,file\\\C:xClUK.pdf
785,348360,file\\\C:eEQkc.pdf
786,985934,file\\\C:GmpvR.pdf
787,352192,file\\\C:avaqm.pdf
788,818680,file\\\C:MIabz.pdf
789,138808,file\\\C:RsGLG.pdf
790,15523,file\\\C:OIIJO.pdf
791,804422,file\\\C:CJNfN.pdf
792,497771,file\\\C:JLKyJ.pdf
793,188116,file\\\C:WzNct.pdf
794,517697,file\\\C:gtMIA.pdf
795,491848,file\\\C:PrqxG.pdf
796,800865,file\\\C:rzGZa.pdf
797,655103,file\\\C:wtqLy.pdf
798,732089,file\\\C:aLWsl.pdf
799,413080,file\\\C:jhpuG.pdf
800,125758,file\\\C:QrSJp.pdf
801,693440,file\\\C:pfvWf.pdf
802,480197,file\\\C:qEFsV.pdf
803,838828,file\\\C:PAnVs.pdf
804,580481,file\\\C:HmQet.pdf
805,228545,file\\\C:SkFse.pdf
806,410297,file\\\C:sYDUO.pdf
807,878681,file\\\C:PjyxP.pdf
808,379085,file\\\C:FajXa.pdf
809,822296,file\\\C:QEiXr.pdf
810,363926,file\\\C:VBvER.pdf
811,291897,file\\\C:ASagz.pdf
812,109960,file\\\C:tHVkA.pdf
813,775063,file\\\C:WsEOr.pdf
814,760957,file\\\C:umnjQ.pdf
815,855519,file\\\C:nwktj.pdf
816,99673,file\\\C:nWrSi.pdf
817,159760,file\\\C:FScdK.pdf
818,216837,file\\\C:uKDCz.pdf
819,726009,file\\\C:aZOkO.pdf
820,65149,file\\\C:zurig.pdf
821,285643,file\\\C:VkJzC.pdf
822,839692,file\\\C:LtYOH.pdf
823,647389,file\\\C:uZYtw.pdf
824,990870,file\\\C:MEUuD.pdf
825,693048,file\\\C:mETZt.pdf
826,239764,file\\\C:ezBJw.pdf
827,670869,file\\\C:PTVKC.pdf
828,228359,file\\\C:KMgmG.pdf
829,333476,file\\\C:lZuLS.pdf
830,66086,file\\\C:pBjsu.pdf
831,903411,file\\\C:kQMsV.pdf
832,586174,file\\\C:BJdgP.pdf
833,426542,file\\\C:QubmH.pdf
834,894216,file\\\C:SaXTt.pdf
835,348360,file\\\C:gKkYJ.pdf
836,985934,file\\\C:ckAAm.pdf
837,352192,file\\\C:RPryU.pdf
838,818680,file\\\C:EJGcY.pdf
839,138808,file\\\C:kykht.pdf
840,15523,file\\\C:ydGHD.pdf
841,804422,file\\\C:ncwoy.pdf
842,497771,file\\\C:ynyst.pdf
843,188116,file\\\C:xVZyf.pdf
844,517697,file\\\C:wciab.pdf
845,491848,file\\\C:GOKFL.pdf
846,800865,file\\\C:sDTyi.pdf
847,655103,file\\\C:KYTKt.pdf
848,732089,file\\\C:Uyuzg.pdf
849,413080,file\\\C:bQEys.pdf
850,125758,file\\\C:veWtE.pdf
851,693440,file\\\C:aBxTu.pdf
852,480197,file\\\C:Vztto.pdf
853,838828,file\\\C:BnBFq.pdf
854,580481,file\\\C:gAMcu.pdf
855,228545,file\\\C:CvzWz.pdf
856,410297,file\\\C:XfAnb.pdf
857,878681,file\\\C:YqwAq.pdf
858,379085,file\\\C:WRfTn.pdf
859,822296,file\\\C:MpMQb.pdf
860,363926,file\\\C:mEiod.pdf
861,291897,file\\\C:SnIFW.pdf
862,109960,file\\\C:EoWQa.pdf
863,775063,file\\\C:uFBqK.pdf
864,760957,file\\\C:nQcFE.pdf
865,855519,file\\\C:JlDFV.pdf
866,99673,file\\\C:IEBGO.pdf
867,159760,file\\\C:MnLLi.pdf
868,216837,file\\\C:VaqkK.pdf
869,726009,file\\\C:oAJZN.pdf
870,65149,file\\\C:STkMb.pdf
871,285643,file\\\C:IEKju.pdf
872,839692,file\\\C:APnsV.pdf
873,647389,file\\\C:HoOoN.pdf
874,990870,file\\\C:bXHYG.pdf
875,693048,file\\\C:acaCC.pdf
876,239764,file\\\C:tvysn.pdf
877,670869,file\\\C:scXYp.pdf
878,228359,file\\\C:BNOmt.pdf
879,333476,file\\\C:gynku.pdf
880,66086,file\\\C:GhgVO.pdf
881,903411,file\\\C:nMPsL.pdf
882,586174,file\\\C:malMM.pdf
883,426542,file\\\C:BwEOy.pdf
884,894216,file\\\C:ylael.pdf
885,348360,file\\\C:Ymogc.pdf
886,985934,file\\\C:TMGcA.pdf
887,352192,file\\\C:UGnzk.pdf
888,818680,file\\\C:GrRyx.pdf
889,138808,file\\\C:rewtS.pdf
890,15523,file\\\C:abRXH.pdf
891,804422,file\\\C:sjJsA.pdf
892,497771,file\\\C:RstNY.pdf
893,188116,file\\\C:LyWUY.pdf
894,517697,file\\\C:tTFzE.pdf
895,491848,file\\\C:BDzTL.pdf
896,800865,file\\\C:NIRAt.pdf
897,655103,file\\\C:HPrQC.pdf
898,732089,file\\\C:frtRr.pdf
899,413080,file\\\C:pvIKb.pdf
900,125758,file\\\C:QnOQH.pdf
901,693440,file\\\C:JaqUb.pdf
902,480197,file\\\C:iwXap.pdf
903,838828,file\\\C:wHZHG.pdf
904,580481,file\\\C:xCPZV.pdf
905,228545,file\\\C:Mhpke.pdf
906,410297,file\\\C:gokaB.pdf
907,878681,file\\\C:FSAew.pdf
908,379085,file\\\C:qXvzV.pdf
909,822296,file\\\C:njBZr.pdf
910,363926,file\\\C:ggdQC.pdf
911,291897,file\\\C:btdxh.pdf
912,109960,file\\\C:ZbOkL.pdf
913,775063,file\\\C:XEwyE.pdf
914,760957,file\\\C:EwLiy.pdf
915,855519,file\\\C:GPQQo.pdf
916,99673,file\\\C:BJJuO.pdf
917,159760,file\\\C:Rozsd.pdf
918,216837,file\\\C:cDicI.pdf
919,726009,file\\\C:jsEcA.pdf
920,65149,file\\\C:NKLHd.pdf
921,285643,file\\\C:EtrNB.pdf
922,839692,file\\\C:RLvql.pdf
923,647389,file\\\C:PhOkx.pdf
924,990870,file\\\C:rzSAT.pdf
925,693048,file\\\C:ePnnU.pdf
926,239764,file\\\C:MHkfN.pdf
927,670869,file\\\C:gyHib.pdf
928,228359,file\\\C:EWPCn.pdf
929,333476,file\\\C:DoXbx.pdf
930,66086,file\\\C:jpjXz.pdf
931,903411,file\\\C:DHlyJ.pdf
932,586174,file\\\C:UZsYN.pdf
933,426542,file\\\C:BFQak.pdf
934,894216,file\\\C:BxJzq.pdf
935,348360,file\\\C:aEnnS.pdf
936,985934,file\\\C:oJMiG.pdf
937,352192,file\\\C:MXCdx.pdf
938,818680,file\\\C:NMhno.pdf
939,138808,file\\\C:UnJxZ.pdf
940,15523,file\\\C:AEjwi.pdf
941,804422,file\\\C:xcYgK.pdf
942,497771,file\\\C:YczUZ.pdf
943,188116,file\\\C:NFHXy.pdf
944,517697,file\\\C:eenpM.pdf
945,491848,file\\\C:gEVGs.pdf
946,800865,file\\\C:tfqnU.pdf
947,655103,file\\\C:Afsol.pdf
948,732089,file\\\C:pRgkY.pdf
949,413080,file\\\C:UCJcd.pdf
950,125758,file\\\C:zYJOn.pdf
951,693440,file\\\C:hCVOw.pdf
952,480197,file\\\C:ujLFH.pdf
953,838828,file\\\C:GxMkT.pdf
954,580481,file\\\C:LwbMr.pdf
955,228545,file\\\C:vtXtx.pdf
956,410297,file\\\C:ieVEj.pdf
957,878681,file\\\C:OEMJs.pdf
958,379085,file\\\C:LHSYn.pdf
959,822296,file\\\C:EGZzr.pdf
960,363926,file\\\C:mStNw.pdf
961,291897,file\\\C:rBsID.pdf
962,109960,file\\\C:fyDjJ.pdf
963,775063,file\\\C:fdMnQ.pdf
964,760957,file\\\C:vwUAd.pdf
965,855519,file\\\C:LNsaV.pdf
966,99673,file\\\C:PkxBo.pdf
967,159760,file\\\C:SAfJX.pdf
968,216837,file\\\C:DxWYh.pdf
969,726009,file\\\C:brisi.pdf
970,65149,file\\\C:WTnmM.pdf
971,285643,file\\\C:bSWuh.pdf
972,839692,file\\\C:nxHov.pdf
973,647389,file\\\C:RZsVp.pdf
974,990870,file\\\C:YyfLR.pdf
975,693048,file\\\C:YCGmK.pdf
976,239764,file\\\C:gYNrO.pdf
977,670869,file\\\C:vCObx.pdf
978,228359,file\\\C:lGzFq.pdf
979,333476,file\\\C:EuDWz.pdf
980,66086,file\\\C:VzMMF.pdf
981,903411,file\\\C:EWTVO.pdf
982,586174,file\\\C:NsfDk.pdf
983,426542,file\\\C:viKMY.pdf
984,894216,file\\\C:OdbvI.pdf
985,348360,file\\\C:oRvkQ.pdf
986,985934,file\\\C:vjXmx.pdf
987,352192,file\\\C:pLntk.pdf
988,818680,file\\\C:IFOtX.pdf
989,138808,file\\\C:aUZip.pdf
990,15523,file\\\C:symzt.pdf
991,804422,file\\\C:AWAeU.pdf
992,497771,file\\\C:qwZWF.pdf
993,188116,file\\\C:EjwKc.pdf
994,517697,file\\\C:hufLr.pdf
995,491848,file\\\C:aPtox.pdf
996,800865,file\\\C:yMYhr.pdf
997,655103,file\\\C:FrNnp.pdf
998,732089,file\\\C:CtqlD.pdf
999,413080,file\\\C:AJfpt.pdf
1000,125758,file\\\C:NZVoc.pdf
