payment_no,bank,id,payment_state,payment_date,RESERVATIONS_reference_number,POSTS_post_no
1,Silicon Valley Bank,50719150,Completed,12/8/2021,1,1
2,Silicon Valley Bank,99294424,Completed,10/26/2021,null,2
3,Silicon Valley Bank,09704652,Completed,2/7/2022,3,3
4,Silicon Valley Bank,15200645,Completed,10/16/2021,4,4
5,Silicon Valley Bank,76130877,Completed,2/9/2022,5,5
6,Silicon Valley Bank,91329135,Completed,3/3/2022,null,6
7,Silicon Valley Bank,63870221,Completed,11/28/2021,null,7
8,Silicon Valley Bank,59419128,Completed,2/5/2022,8,8
9,Capital One Financial,51875587,Completed,6/12/2021,9,9
10,Silicon Valley Bank,88476933,Completed,10/29/2021,null,10
11,Silicon Valley Bank,88898965,Completed,1/2/2022,null,11
12,Silicon Valley Bank,81066165,Completed,1/27/2022,12,12
13,Silicon Valley Bank,85590239,Completed,3/10/2022,13,13
14,Silicon Valley Bank,90802290,Completed,7/30/2021,null,14
15,Silicon Valley Bank,63690523,Completed,11/11/2021,15,15
16,Capital One Financial,11307692,Completed,8/8/2021,16,16
17,Silicon Valley Bank,82628698,Completed,1/19/2022,null,17
18,Capital One Financial,04653593,Completed,12/5/2021,null,18
19,Silicon Valley Bank,29122443,Completed,7/27/2021,null,19
20,Silicon Valley Bank,24807314,Completed,2/20/2022,20,20
21,Silicon Valley Bank,90568512,Completed,10/20/2021,21,21
22,Silicon Valley Bank,29794231,Completed,5/6/2022,22,22
23,State Street Corp,63508572,Completed,11/4/2021,null,23
24,Silicon Valley Bank,08403506,Completed,4/9/2022,null,24
25,Fifth Third Bank,81978882,Completed,5/12/2022,25,25
26,Silicon Valley Bank,91096240,Completed,4/12/2022,26,26
27,Silicon Valley Bank,69371775,Completed,9/6/2021,null,27
28,Silicon Valley Bank,31533258,Completed,11/1/2021,null,28
29,Silicon Valley Bank,69911536,Completed,7/9/2021,29,29
30,Silicon Valley Bank,94789507,Completed,5/26/2021,null,30
31,Silicon Valley Bank,48627677,Completed,10/21/2021,31,31
32,Silicon Valley Bank,04451030,Completed,2/16/2022,32,32
33,Silicon Valley Bank,82063398,Completed,1/28/2022,null,33
34,Goldman Sachs Group,99665665,Completed,5/28/2021,null,34
35,Silicon Valley Bank,96386567,Completed,11/21/2021,null,35
36,Silicon Valley Bank,45890426,Completed,4/5/2022,36,36
37,Silicon Valley Bank,24440015,Completed,12/9/2021,null,37
38,Silicon Valley Bank,80811878,Completed,1/16/2022,null,38
39,Silicon Valley Bank,21966007,Completed,3/18/2022,39,39
40,Fifth Third Bank,32941597,Completed,8/5/2021,40,40
41,Silicon Valley Bank,17796202,Completed,12/24/2021,41,41
42,Silicon Valley Bank,57659719,Completed,11/15/2021,null,42
43,Fifth Third Bank,97628596,Completed,11/16/2021,null,43
44,Silicon Valley Bank,74374732,Completed,3/8/2022,null,44
45,Silicon Valley Bank,32990278,Completed,9/23/2021,45,45
46,Silicon Valley Bank,21134639,Completed,2/22/2022,46,46
47,Silicon Valley Bank,91998339,Completed,8/24/2021,47,47
48,Silicon Valley Bank,21121217,Completed,7/30/2021,48,48
49,Silicon Valley Bank,10236323,Completed,5/16/2022,49,49
50,Bank of New York Mellon,15778738,Completed,11/25/2021,null,50
51,Silicon Valley Bank,91512368,Completed,12/23/2021,null,51
52,Silicon Valley Bank,51524982,Completed,5/7/2022,null,52
53,Silicon Valley Bank,70935390,Completed,8/3/2021,null,53
54,Silicon Valley Bank,40457107,Completed,1/17/2022,null,54
55,Silicon Valley Bank,88005485,Completed,5/21/2021,55,55
56,Silicon Valley Bank,47204791,Completed,6/13/2021,56,56
57,Silicon Valley Bank,59398381,Completed,4/30/2022,null,57
58,State Street Corp,32192917,Completed,10/6/2021,58,58
59,Fifth Third Bank,70908519,Completed,6/28/2021,null,59
60,Silicon Valley Bank,61164462,Completed,11/5/2021,60,60
61,Silicon Valley Bank,33876316,Completed,5/7/2022,null,61
62,Silicon Valley Bank,17666743,Completed,5/24/2021,null,62
63,Silicon Valley Bank,46740409,Completed,11/13/2021,63,63
64,Silicon Valley Bank,60568280,Completed,7/24/2021,null,64
65,Silicon Valley Bank,55089019,Completed,7/9/2021,null,65
66,Silicon Valley Bank,79874128,Completed,8/25/2021,66,66
67,Fifth Third Bank,66532195,Completed,5/28/2021,null,67
68,Silicon Valley Bank,50719150,Completed,6/24/2021,null,68
69,Silicon Valley Bank,59419128,Completed,5/8/2022,null,69
70,Silicon Valley Bank,39847279,Completed,12/30/2021,70,70
71,Silicon Valley Bank,44988989,Completed,6/30/2021,null,71
72,Silicon Valley Bank,20973878,Completed,11/13/2021,null,72
73,Fifth Third Bank,46884768,Completed,11/1/2021,73,73
74,Silicon Valley Bank,50310533,Completed,8/23/2021,null,74
75,Silicon Valley Bank,02257610,Completed,3/23/2022,75,75
76,Silicon Valley Bank,22107388,Completed,12/9/2021,76,76
77,Fifth Third Bank,12228009,Completed,6/7/2021,77,77
78,Silicon Valley Bank,57659719,Completed,5/23/2021,null,78
79,Silicon Valley Bank,20933741,Completed,1/16/2022,79,79
80,Silicon Valley Bank,13751342,Completed,12/31/2021,80,80
81,Fifth Third Bank,81282629,Completed,11/29/2021,null,81
82,Silicon Valley Bank,77065629,Completed,9/8/2021,null,82
83,Fifth Third Bank,63690523,Completed,8/11/2021,83,83
84,Silicon Valley Bank,05717648,Completed,6/18/2021,84,84
85,Silicon Valley Bank,81040078,Completed,7/2/2021,null,85
86,Fifth Third Bank,89007462,Completed,1/23/2022,86,86
87,Bank of New York Mellon,71755842,Completed,5/4/2022,87,87
88,Silicon Valley Bank,16480376,Completed,3/8/2022,null,88
89,Silicon Valley Bank,72516264,Completed,6/6/2021,null,89
90,Silicon Valley Bank,72492924,Completed,4/28/2022,null,90
91,Silicon Valley Bank,70449611,Completed,2/5/2022,null,91
92,Silicon Valley Bank,81239510,Completed,3/24/2022,92,92
93,Bank of New York Mellon,07920168,Completed,9/14/2021,null,93
94,Silicon Valley Bank,80299486,Completed,11/7/2021,94,94
95,Silicon Valley Bank,78882593,Completed,11/9/2021,95,95
96,Silicon Valley Bank,52436815,Completed,9/28/2021,96,96
97,Silicon Valley Bank,40701165,Completed,1/27/2022,null,97
98,Silicon Valley Bank,29166604,Completed,8/18/2021,null,98
99,Silicon Valley Bank,35212461,Completed,8/18/2021,99,99
100,Fifth Third Bank,38107671,Completed,12/11/2021,null,100
101,Bank of New York Mellon,46076596,Completed,10/18/2021,101,101
102,Fifth Third Bank,40701165,Completed,6/20/2021,null,102
103,Fifth Third Bank,16067648,Completed,10/13/2021,103,103
104,Silicon Valley Bank,44594233,Completed,11/3/2021,104,104
105,Silicon Valley Bank,95416595,Completed,6/17/2021,null,105
106,Silicon Valley Bank,21966007,Completed,9/13/2021,null,106
107,Fifth Third Bank,82706578,Completed,6/7/2021,null,107
108,Silicon Valley Bank,67688386,Completed,1/16/2022,null,108
109,Silicon Valley Bank,88962551,Completed,12/15/2021,109,109
110,Silicon Valley Bank,54712757,Completed,5/19/2022,null,110
111,State Street Corp,77881928,Completed,1/2/2022,111,111
112,Silicon Valley Bank,57170093,Completed,8/19/2021,null,112
113,Silicon Valley Bank,38799124,Completed,5/24/2021,null,113
114,Silicon Valley Bank,63388281,Completed,12/14/2021,null,114
115,Silicon Valley Bank,49463620,Completed,6/6/2021,115,115
116,Silicon Valley Bank,39232764,Completed,12/11/2021,null,116
117,Silicon Valley Bank,69947493,Completed,11/25/2021,null,117
118,Fifth Third Bank,78801792,Completed,10/30/2021,118,118
119,Silicon Valley Bank,04529818,Completed,2/14/2022,null,119
120,Silicon Valley Bank,40009865,Completed,1/13/2022,120,120
121,Silicon Valley Bank,76549830,Completed,5/17/2022,121,121
122,Silicon Valley Bank,55528044,Completed,7/7/2021,null,122
123,Silicon Valley Bank,66532195,Completed,11/27/2021,null,123
124,Silicon Valley Bank,42251489,Completed,7/9/2021,null,124
125,Silicon Valley Bank,28103545,Completed,12/15/2021,125,125
126,Silicon Valley Bank,24417064,Completed,4/26/2022,null,126
127,Silicon Valley Bank,35534115,Completed,5/19/2022,null,127
128,Silicon Valley Bank,59272521,Completed,10/13/2021,128,128
129,Silicon Valley Bank,10572390,Completed,12/30/2021,129,129
130,Silicon Valley Bank,13341060,Completed,2/13/2022,null,130
131,Fifth Third Bank,77904250,Completed,3/17/2022,null,131
132,Silicon Valley Bank,27439921,Completed,10/13/2021,132,132
133,Silicon Valley Bank,07224798,Completed,3/10/2022,null,133
134,Silicon Valley Bank,53999809,Completed,2/5/2022,134,134
135,Silicon Valley Bank,32621968,Completed,8/29/2021,null,135
136,Silicon Valley Bank,98075506,Completed,1/18/2022,null,136
137,Silicon Valley Bank,97628596,Completed,12/15/2021,137,137
138,Fifth Third Bank,71127856,Completed,5/16/2022,null,138
139,Silicon Valley Bank,41660144,Completed,3/14/2022,139,139
140,Fifth Third Bank,39499024,Completed,1/26/2022,140,140
141,Silicon Valley Bank,34108371,Completed,2/12/2022,141,141
142,Silicon Valley Bank,82272507,Completed,10/4/2021,null,142
143,Silicon Valley Bank,85799799,Completed,12/13/2021,143,143
144,Silicon Valley Bank,79608373,Completed,1/10/2022,null,144
145,Silicon Valley Bank,93100385,Completed,1/22/2022,145,145
146,Fifth Third Bank,87000207,Completed,12/15/2021,null,146
147,Silicon Valley Bank,75295838,Completed,1/13/2022,null,147
148,Silicon Valley Bank,59465411,Completed,7/2/2021,148,148
149,Silicon Valley Bank,32554703,Completed,7/30/2021,149,149
150,Silicon Valley Bank,50310533,Completed,5/26/2021,150,150
151,Silicon Valley Bank,98787356,Completed,4/4/2022,151,151
152,Silicon Valley Bank,51862230,Completed,9/6/2021,152,152
153,Silicon Valley Bank,69268877,Completed,9/29/2021,null,153
154,Silicon Valley Bank,99649666,Completed,8/18/2021,null,154
155,Silicon Valley Bank,44594233,Completed,8/19/2021,155,155
156,Silicon Valley Bank,71030054,Completed,12/8/2021,156,156
157,Silicon Valley Bank,49270831,Completed,12/14/2021,157,157
158,Silicon Valley Bank,41572310,Completed,3/11/2022,null,158
159,Silicon Valley Bank,54497005,Completed,5/11/2022,null,159
160,Fifth Third Bank,74654380,Completed,7/10/2021,null,160
161,Fifth Third Bank,14300539,Completed,12/18/2021,161,161
162,Silicon Valley Bank,41845039,Completed,8/8/2021,null,162
163,TD Group US Holdings,32554703,Completed,8/18/2021,null,163
164,Silicon Valley Bank,17718319,Completed,10/5/2021,null,164
165,Silicon Valley Bank,14034730,Completed,11/17/2021,null,165
166,Silicon Valley Bank,77002129,Completed,7/12/2021,166,166
167,TD Group US Holdings,72890558,Completed,6/16/2021,167,167
168,Bank of New York Mellon,20148674,Completed,12/14/2021,168,168
169,Silicon Valley Bank,13617304,Completed,11/18/2021,169,169
170,Silicon Valley Bank,84897260,Completed,9/9/2021,170,170
171,Silicon Valley Bank,70884929,Completed,7/19/2021,null,171
172,Silicon Valley Bank,29122443,Completed,10/18/2021,null,172
173,Fifth Third Bank,20042073,Completed,3/18/2022,null,173
174,Silicon Valley Bank,40878705,Completed,12/11/2021,null,174
175,Bank of New York Mellon,63779441,Completed,10/22/2021,175,175
176,Silicon Valley Bank,54712757,Completed,12/9/2021,null,176
177,Silicon Valley Bank,13341060,Completed,5/20/2022,177,177
178,State Street Corp,76549830,Completed,7/9/2021,178,178
179,Silicon Valley Bank,84893218,Completed,7/31/2021,179,179
180,State Street Corp,28358712,Completed,1/12/2022,180,180
181,Silicon Valley Bank,44270122,Completed,4/28/2022,null,181
182,Silicon Valley Bank,55512012,Completed,12/22/2021,182,182
183,Fifth Third Bank,74374732,Completed,11/13/2021,183,183
184,Silicon Valley Bank,38308763,Completed,9/21/2021,184,184
185,Fifth Third Bank,01737143,Completed,3/6/2022,null,185
186,Silicon Valley Bank,56853412,Completed,3/1/2022,null,186
187,State Street Corp,39263357,Completed,2/3/2022,null,187
188,Silicon Valley Bank,28833598,Completed,6/19/2021,188,188
189,Silicon Valley Bank,61789123,Completed,4/29/2022,189,189
190,Silicon Valley Bank,46740409,Completed,7/22/2021,null,190
191,Silicon Valley Bank,13751342,Completed,8/17/2021,null,191
192,Silicon Valley Bank,15778738,Completed,3/31/2022,null,192
193,Silicon Valley Bank,29427364,Completed,7/11/2021,193,193
194,Silicon Valley Bank,53455056,Completed,2/21/2022,194,194
195,Silicon Valley Bank,53309796,Completed,12/21/2021,195,195
196,Silicon Valley Bank,74099299,Completed,2/5/2022,196,196
197,Silicon Valley Bank,49109155,Completed,12/23/2021,null,197
198,State Street Corp,26433712,Completed,5/24/2021,198,198
199,Silicon Valley Bank,57170093,Completed,3/6/2022,null,199
200,State Street Corp,21475220,Completed,12/28/2021,200,200
201,Silicon Valley Bank,12623636,Completed,6/4/2021,201,201
202,Silicon Valley Bank,21134639,Completed,4/16/2022,null,202
203,Bank of New York Mellon,82272507,Completed,8/22/2021,203,203
204,Silicon Valley Bank,63236663,Completed,3/7/2022,204,204
205,Silicon Valley Bank,87899326,Completed,5/1/2022,null,205
206,Fifth Third Bank,10677719,Completed,3/17/2022,null,206
207,State Street Corp,83972183,Completed,2/15/2022,null,207
208,Silicon Valley Bank,15024151,Completed,2/25/2022,208,208
209,Silicon Valley Bank,71127856,Completed,10/7/2021,209,209
210,Silicon Valley Bank,48641130,Completed,9/4/2021,null,210
211,Silicon Valley Bank,44528758,Completed,6/22/2021,null,211
212,Silicon Valley Bank,45103846,Completed,10/23/2021,null,212
213,Silicon Valley Bank,46064951,Completed,8/2/2021,213,213
214,Silicon Valley Bank,65026892,Completed,7/6/2021,214,214
215,Fifth Third Bank,19945717,Completed,4/16/2022,null,215
216,Silicon Valley Bank,15386235,Completed,3/19/2022,null,216
217,Silicon Valley Bank,76455499,Completed,1/16/2022,null,217
218,Bank of New York Mellon,44668445,Completed,1/21/2022,218,218
219,Silicon Valley Bank,78882593,Completed,8/12/2021,null,219
220,Silicon Valley Bank,56853412,Completed,1/14/2022,null,220
221,Silicon Valley Bank,66774438,Completed,8/9/2021,null,221
222,Silicon Valley Bank,22872958,Completed,6/4/2021,null,222
223,Silicon Valley Bank,64637197,Completed,10/10/2021,223,223
224,Silicon Valley Bank,16480376,Completed,2/12/2022,null,224
225,Fifth Third Bank,42807463,Completed,1/29/2022,225,225
226,State Street Corp,26682640,Completed,9/11/2021,226,226
227,Silicon Valley Bank,90880022,Completed,3/25/2022,null,227
228,TD Group US Holdings,70884929,Completed,12/10/2021,228,228
229,Silicon Valley Bank,29794231,Completed,2/17/2022,null,229
230,Fifth Third Bank,10229240,Completed,12/22/2021,null,230
231,Silicon Valley Bank,67963782,Completed,9/4/2021,null,231
232,Silicon Valley Bank,91668424,Completed,12/15/2021,null,232
233,Silicon Valley Bank,26433712,Completed,6/11/2021,233,233
234,State Street Corp,02437720,Completed,6/10/2021,234,234
235,Silicon Valley Bank,29166604,Completed,2/20/2022,235,235
236,Capital One Financial,51317586,Completed,2/7/2022,236,236
237,Silicon Valley Bank,33719124,Completed,4/11/2022,null,237
238,Silicon Valley Bank,04451030,Completed,11/1/2021,238,238
239,Capital One Financial,63690523,Completed,2/15/2022,null,239
240,Silicon Valley Bank,14264656,Completed,4/20/2022,240,240
241,Silicon Valley Bank,28299640,Completed,4/10/2022,241,241
242,State Street Corp,51816166,Completed,7/12/2021,242,242
243,Goldman Sachs Group,34158590,Completed,1/20/2022,null,243
244,Capital One Financial,91816795,Completed,3/9/2022,null,244
245,Silicon Valley Bank,16039561,Completed,6/13/2021,null,245
246,Silicon Valley Bank,83353416,Completed,12/24/2021,246,246
247,Silicon Valley Bank,25998926,Completed,10/9/2021,247,247
248,Silicon Valley Bank,60400738,Completed,12/22/2021,248,248
249,Fifth Third Bank,75986150,Completed,11/20/2021,null,249
250,Silicon Valley Bank,07024306,Completed,5/1/2022,null,250
251,Silicon Valley Bank,59407384,Completed,10/27/2021,251,251
252,Silicon Valley Bank,16823816,Completed,9/27/2021,null,252
253,Silicon Valley Bank,84893218,Completed,9/4/2021,null,253
254,Silicon Valley Bank,37595004,Completed,4/1/2022,null,254
255,Silicon Valley Bank,87431030,Completed,2/27/2022,null,255
256,Silicon Valley Bank,56834510,Completed,6/6/2021,256,256
257,Silicon Valley Bank,56018051,Completed,9/22/2021,257,257
258,Silicon Valley Bank,27343227,Completed,7/1/2021,null,258
259,Silicon Valley Bank,23398674,Completed,7/30/2021,259,259
260,Silicon Valley Bank,39499024,Completed,3/13/2022,260,260
261,State Street Corp,28641742,Completed,12/8/2021,null,261
262,Silicon Valley Bank,10572390,Completed,9/25/2021,262,262
263,Silicon Valley Bank,12623636,Completed,10/27/2021,263,263
264,State Street Corp,02784474,Completed,3/28/2022,null,264
265,State Street Corp,11708313,Completed,1/3/2022,265,265
266,Silicon Valley Bank,50924220,Completed,5/16/2022,null,266
267,Silicon Valley Bank,37498888,Completed,10/13/2021,null,267
268,Silicon Valley Bank,77746713,Completed,4/29/2022,null,268
269,Silicon Valley Bank,38308763,Completed,12/16/2021,null,269
270,Silicon Valley Bank,87255265,Completed,4/10/2022,270,270
271,Fifth Third Bank,63388281,Completed,8/24/2021,null,271
272,Silicon Valley Bank,38107671,Completed,4/4/2022,272,272
273,State Street Corp,34283656,Completed,6/28/2021,null,273
274,Silicon Valley Bank,08726614,Completed,11/5/2021,null,274
275,Silicon Valley Bank,52619847,Completed,3/31/2022,null,275
276,Silicon Valley Bank,99294424,Completed,9/24/2021,null,276
277,State Street Corp,15223847,Completed,11/14/2021,277,277
278,Silicon Valley Bank,66345134,Completed,10/13/2021,278,278
279,Silicon Valley Bank,90880022,Completed,9/20/2021,279,279
280,Silicon Valley Bank,76149179,Completed,6/4/2021,280,280
281,Silicon Valley Bank,54712757,Completed,11/6/2021,281,281
282,Silicon Valley Bank,12173278,Completed,5/13/2022,null,282
283,Silicon Valley Bank,13042641,Completed,8/12/2021,null,283
284,Silicon Valley Bank,76130877,Completed,8/24/2021,null,284
285,State Street Corp,12894116,Completed,4/9/2022,null,285
286,Silicon Valley Bank,61344356,Completed,10/7/2021,null,286
287,Bank of New York Mellon,22480849,Completed,2/16/2022,null,287
288,Silicon Valley Bank,19842162,Completed,9/30/2021,288,288
289,Silicon Valley Bank,89820273,Completed,7/7/2021,289,289
290,Silicon Valley Bank,91096240,Completed,8/11/2021,290,290
291,Silicon Valley Bank,11855912,Completed,5/17/2022,null,291
292,Silicon Valley Bank,61843795,Completed,6/7/2021,null,292
293,Fifth Third Bank,01813123,Completed,12/15/2021,293,293
294,Fifth Third Bank,92697049,Completed,10/16/2021,294,294
295,Capital One Financial,09997071,Completed,7/9/2021,295,295
296,Silicon Valley Bank,95536209,Completed,12/10/2021,null,296
297,Silicon Valley Bank,15150641,Completed,8/22/2021,297,297
298,Silicon Valley Bank,07622658,Completed,7/26/2021,298,298
299,Silicon Valley Bank,09359089,Completed,2/6/2022,null,299
300,Silicon Valley Bank,61366684,Completed,11/12/2021,null,300
301,Silicon Valley Bank,21121217,Completed,12/24/2021,null,301
302,Silicon Valley Bank,22639078,Completed,10/10/2021,null,302
303,Silicon Valley Bank,19842162,Completed,8/3/2021,null,303
304,Fifth Third Bank,83614306,Completed,3/5/2022,null,304
305,Fifth Third Bank,29427364,Completed,4/15/2022,305,305
306,Silicon Valley Bank,34159283,Completed,8/27/2021,306,306
307,State Street Corp,09024501,Completed,1/5/2022,null,307
308,Silicon Valley Bank,87884451,Completed,2/1/2022,null,308
309,Fifth Third Bank,15386235,Completed,5/18/2022,309,309
310,Silicon Valley Bank,37498888,Completed,11/5/2021,null,310
311,Silicon Valley Bank,14433873,Completed,2/5/2022,311,311
312,Silicon Valley Bank,50924220,Completed,9/23/2021,null,312
313,Silicon Valley Bank,41572310,Completed,11/27/2021,null,313
314,Fifth Third Bank,42321530,Completed,8/14/2021,314,314
315,Fifth Third Bank,71183949,Completed,8/30/2021,null,315
316,Silicon Valley Bank,91249838,Completed,12/22/2021,316,316
317,State Street Corp,75955398,Completed,9/11/2021,317,317
318,Silicon Valley Bank,82449765,Completed,10/7/2021,318,318
319,Capital One Financial,75881012,Completed,5/8/2022,null,319
320,Silicon Valley Bank,44273328,Completed,5/12/2022,320,320
321,Silicon Valley Bank,02784474,Completed,1/21/2022,321,321
322,Silicon Valley Bank,87599502,Completed,11/29/2021,null,322
323,Silicon Valley Bank,44850223,Completed,7/24/2021,null,323
324,Silicon Valley Bank,34885340,Completed,12/7/2021,324,324
325,State Street Corp,83972183,Completed,10/14/2021,null,325
326,Silicon Valley Bank,21581878,Completed,9/21/2021,326,326
327,Silicon Valley Bank,16901657,Completed,9/17/2021,327,327
328,Silicon Valley Bank,62638607,Completed,1/13/2022,328,328
329,Silicon Valley Bank,20029904,Completed,9/14/2021,329,329
330,Silicon Valley Bank,01068639,Completed,4/1/2022,330,330
331,Silicon Valley Bank,71127856,Completed,5/14/2022,331,331
332,Silicon Valley Bank,57917653,Completed,1/15/2022,332,332
333,Silicon Valley Bank,92319726,Completed,7/24/2021,333,333
334,Silicon Valley Bank,65312899,Completed,11/21/2021,334,334
335,Silicon Valley Bank,13341060,Completed,1/29/2022,335,335
336,Silicon Valley Bank,68522741,Completed,11/10/2021,336,336
337,Bank of New York Mellon,18032025,Completed,3/31/2022,337,337
338,Silicon Valley Bank,16357011,Completed,6/30/2021,338,338
339,State Street Corp,67942585,Completed,8/17/2021,null,339
340,Silicon Valley Bank,66384434,Completed,10/9/2021,340,340
341,Silicon Valley Bank,44528758,Completed,11/9/2021,341,341
342,Silicon Valley Bank,23972995,Completed,10/13/2021,null,342
343,Fifth Third Bank,89007462,Completed,5/6/2022,343,343
344,Silicon Valley Bank,05176185,Completed,4/26/2022,344,344
345,Silicon Valley Bank,17640267,Completed,6/21/2021,345,345
346,Silicon Valley Bank,28641742,Completed,1/12/2022,346,346
347,Silicon Valley Bank,40005527,Completed,6/21/2021,347,347
348,Silicon Valley Bank,85844059,Completed,10/27/2021,348,348
349,State Street Corp,41104006,Completed,3/20/2022,349,349
350,Fifth Third Bank,77675293,Completed,6/29/2021,350,350
351,Bank of New York Mellon,99826778,Completed,2/27/2022,351,351
352,Silicon Valley Bank,21581878,Completed,8/9/2021,null,352
353,Silicon Valley Bank,31345017,Completed,12/12/2021,null,353
354,State Street Corp,47204791,Completed,5/27/2021,354,354
355,Silicon Valley Bank,07920168,Completed,9/11/2021,355,355
356,Silicon Valley Bank,54626646,Completed,3/15/2022,356,356
357,State Street Corp,83390368,Completed,12/22/2021,357,357
358,Silicon Valley Bank,51317586,Completed,11/26/2021,null,358
359,Silicon Valley Bank,83116336,Completed,10/6/2021,359,359
360,Silicon Valley Bank,92099506,Completed,12/22/2021,null,360
361,Silicon Valley Bank,94402937,Completed,4/23/2022,361,361
362,State Street Corp,66809363,Completed,6/14/2021,362,362
363,Silicon Valley Bank,78882593,Completed,12/5/2021,363,363
364,Silicon Valley Bank,06446987,Completed,6/19/2021,364,364
365,Silicon Valley Bank,44273328,Completed,12/2/2021,365,365
366,Silicon Valley Bank,14703355,Completed,7/18/2021,null,366
367,Fifth Third Bank,19286944,Completed,12/28/2021,null,367
368,Bank of New York Mellon,44988989,Completed,11/23/2021,368,368
369,Silicon Valley Bank,46996489,Completed,12/27/2021,369,369
370,Fifth Third Bank,80458576,Completed,2/21/2022,null,370
371,Silicon Valley Bank,90862791,Completed,8/25/2021,371,371
372,Silicon Valley Bank,77746713,Completed,8/7/2021,372,372
373,Silicon Valley Bank,04976208,Completed,9/5/2021,373,373
374,Silicon Valley Bank,13617304,Completed,1/22/2022,374,374
375,Silicon Valley Bank,00084523,Completed,2/7/2022,375,375
376,Silicon Valley Bank,70963325,Completed,11/10/2021,376,376
377,Fifth Third Bank,83518513,Completed,10/7/2021,null,377
378,Silicon Valley Bank,04944767,Completed,8/29/2021,378,378
379,Silicon Valley Bank,71973125,Completed,11/5/2021,null,379
380,Silicon Valley Bank,64282262,Completed,8/30/2021,null,380
381,Silicon Valley Bank,60568280,Completed,11/6/2021,381,381
382,Fifth Third Bank,41000566,Completed,8/23/2021,382,382
383,Silicon Valley Bank,34283656,Completed,8/23/2021,null,383
384,Silicon Valley Bank,73341162,Completed,10/3/2021,384,384
385,Silicon Valley Bank,07437947,Completed,12/23/2021,null,385
386,Silicon Valley Bank,30908943,Completed,6/1/2021,null,386
387,Fifth Third Bank,12521211,Completed,7/28/2021,null,387
388,Silicon Valley Bank,42456972,Completed,7/8/2021,388,388
389,Fifth Third Bank,29746168,Completed,7/12/2021,null,389
390,Silicon Valley Bank,52563705,Completed,8/25/2021,390,390
391,Silicon Valley Bank,80299486,Completed,9/11/2021,391,391
392,Silicon Valley Bank,87255265,Completed,9/15/2021,392,392
393,Silicon Valley Bank,93852672,Completed,11/7/2021,393,393
394,Silicon Valley Bank,21475220,Completed,1/10/2022,394,394
395,Silicon Valley Bank,83614306,Completed,11/11/2021,395,395
396,Bank of New York Mellon,58994192,Completed,4/2/2022,396,396
397,Silicon Valley Bank,51862230,Completed,7/15/2021,null,397
398,Silicon Valley Bank,39499024,Completed,11/28/2021,398,398
399,Fifth Third Bank,53321708,Completed,11/15/2021,399,399
400,Silicon Valley Bank,16823816,Completed,12/12/2021,null,400
401,Silicon Valley Bank,73341162,Completed,1/8/2022,null,401
402,Silicon Valley Bank,50916560,Completed,12/18/2021,402,402
403,Fifth Third Bank,25056896,Completed,11/1/2021,403,403
404,Silicon Valley Bank,83972183,Completed,2/17/2022,null,404
405,Silicon Valley Bank,64598171,Completed,3/2/2022,null,405
406,Fifth Third Bank,66345134,Completed,4/10/2022,null,406
407,Silicon Valley Bank,10542585,Completed,12/29/2021,407,407
408,Silicon Valley Bank,62439794,Completed,9/7/2021,408,408
409,Silicon Valley Bank,16499236,Completed,10/10/2021,null,409
410,Silicon Valley Bank,79201357,Completed,6/23/2021,null,410
411,Silicon Valley Bank,45702912,Completed,4/9/2022,411,411
412,Bank of New York Mellon,09942976,Completed,8/25/2021,null,412
413,Silicon Valley Bank,85715950,Completed,10/26/2021,null,413
414,Silicon Valley Bank,47343239,Completed,5/25/2021,414,414
415,Silicon Valley Bank,74094500,Completed,7/31/2021,null,415
416,Silicon Valley Bank,90751318,Completed,3/18/2022,416,416
417,Fifth Third Bank,42456972,Completed,1/14/2022,417,417
418,Silicon Valley Bank,27559536,Completed,7/17/2021,null,418
419,Silicon Valley Bank,11855912,Completed,2/18/2022,419,419
420,Fifth Third Bank,82272507,Completed,3/4/2022,420,420
421,Silicon Valley Bank,40421281,Completed,4/22/2022,421,421
422,Fifth Third Bank,29746168,Completed,9/2/2021,null,422
423,Silicon Valley Bank,89227728,Completed,9/28/2021,null,423
424,Silicon Valley Bank,56219822,Completed,11/10/2021,null,424
425,Silicon Valley Bank,57476797,Completed,6/29/2021,425,425
426,Silicon Valley Bank,25220951,Completed,4/30/2022,426,426
427,Silicon Valley Bank,98166662,Completed,6/26/2021,427,427
428,State Street Corp,97834427,Completed,1/19/2022,428,428
429,Silicon Valley Bank,49447074,Completed,12/18/2021,null,429
430,Capital One Financial,51875587,Completed,5/16/2022,null,430
431,Silicon Valley Bank,57876267,Completed,2/16/2022,431,431
432,State Street Corp,18489514,Completed,11/24/2021,null,432
433,Fifth Third Bank,42807463,Completed,11/28/2021,null,433
434,Silicon Valley Bank,33147205,Completed,12/6/2021,null,434
435,State Street Corp,09704652,Completed,12/8/2021,null,435
436,Silicon Valley Bank,36324428,Completed,3/11/2022,436,436
437,Silicon Valley Bank,34678535,Completed,12/28/2021,437,437
438,Silicon Valley Bank,60597470,Completed,10/12/2021,438,438
439,Silicon Valley Bank,46768375,Completed,7/31/2021,null,439
440,Silicon Valley Bank,90033069,Completed,2/27/2022,440,440
441,Silicon Valley Bank,89128825,Completed,4/11/2022,441,441
442,Silicon Valley Bank,64867467,Completed,11/10/2021,null,442
443,Silicon Valley Bank,70489466,Completed,12/28/2021,443,443
444,Silicon Valley Bank,21160960,Completed,6/10/2021,444,444
445,Fifth Third Bank,18840327,Completed,3/8/2022,445,445
446,Silicon Valley Bank,82098610,Completed,1/21/2022,null,446
447,Silicon Valley Bank,85072344,Completed,11/6/2021,null,447
448,Silicon Valley Bank,41104006,Completed,7/20/2021,448,448
449,Silicon Valley Bank,88898965,Completed,2/10/2022,null,449
450,Bank of New York Mellon,88005485,Completed,3/29/2022,450,450
451,Silicon Valley Bank,64709468,Completed,1/26/2022,451,451
452,Silicon Valley Bank,92099506,Completed,9/28/2021,452,452
453,Silicon Valley Bank,92406783,Completed,5/16/2022,453,453
454,Silicon Valley Bank,74374732,Completed,12/20/2021,null,454
455,Silicon Valley Bank,80968978,Completed,1/20/2022,null,455
456,Silicon Valley Bank,39918646,Completed,2/11/2022,null,456
457,Silicon Valley Bank,15573104,Completed,6/7/2021,457,457
458,Silicon Valley Bank,07224798,Completed,5/26/2021,null,458
459,Capital One Financial,09704652,Completed,12/25/2021,null,459
460,Silicon Valley Bank,03559827,Completed,1/7/2022,460,460
461,Silicon Valley Bank,55325224,Completed,1/20/2022,null,461
462,Bank of New York Mellon,49504990,Completed,2/2/2022,462,462
463,State Street Corp,63779441,Completed,12/9/2021,null,463
464,Silicon Valley Bank,21121217,Completed,10/5/2021,null,464
465,Silicon Valley Bank,26626702,Completed,4/6/2022,null,465
466,Silicon Valley Bank,22748919,Completed,7/21/2021,null,466
467,Silicon Valley Bank,76549830,Completed,11/2/2021,467,467
468,Silicon Valley Bank,66774438,Completed,5/13/2022,null,468
469,Silicon Valley Bank,42902105,Completed,10/13/2021,469,469
470,Silicon Valley Bank,93911381,Completed,11/17/2021,470,470
471,Silicon Valley Bank,26727610,Completed,7/7/2021,471,471
472,Silicon Valley Bank,61579302,Completed,4/13/2022,472,472
473,Silicon Valley Bank,43513000,Completed,9/30/2021,null,473
474,Silicon Valley Bank,88005485,Completed,3/18/2022,null,474
475,Bank of New York Mellon,11356627,Completed,2/21/2022,475,475
476,Silicon Valley Bank,03297660,Completed,12/18/2021,null,476
477,Silicon Valley Bank,90862791,Completed,12/29/2021,477,477
478,Silicon Valley Bank,09613597,Completed,10/22/2021,null,478
479,Silicon Valley Bank,09274731,Completed,12/14/2021,479,479
480,Silicon Valley Bank,97834427,Completed,9/25/2021,null,480
481,Silicon Valley Bank,76572780,Completed,1/2/2022,481,481
482,Silicon Valley Bank,33147205,Completed,12/27/2021,null,482
483,Silicon Valley Bank,04459088,Completed,5/20/2022,483,483
484,Silicon Valley Bank,77161408,Completed,2/1/2022,null,484
485,Silicon Valley Bank,37697828,Completed,8/20/2021,null,485
486,Silicon Valley Bank,63508572,Completed,11/24/2021,486,486
487,Silicon Valley Bank,91998339,Completed,8/11/2021,487,487
488,Silicon Valley Bank,51658207,Completed,9/2/2021,null,488
489,Bank of New York Mellon,82042895,Completed,2/7/2022,null,489
490,Fifth Third Bank,69764669,Completed,8/29/2021,490,490
491,Fifth Third Bank,71171232,Completed,9/21/2021,null,491
492,Fifth Third Bank,64637197,Completed,8/8/2021,null,492
493,Silicon Valley Bank,23486624,Completed,5/19/2022,493,493
494,Silicon Valley Bank,83231961,Completed,5/16/2022,null,494
495,Silicon Valley Bank,57521608,Completed,12/1/2021,495,495
496,Silicon Valley Bank,01737143,Completed,5/26/2021,null,496
497,Silicon Valley Bank,86104072,Completed,6/8/2021,497,497
498,Silicon Valley Bank,88883422,Completed,12/25/2021,498,498
499,Silicon Valley Bank,15778738,Completed,8/17/2021,499,499
500,Fifth Third Bank,02774985,Completed,4/4/2022,null,500
501,Fifth Third Bank,78129632,Completed,3/4/2022,null,501
502,Silicon Valley Bank,13042641,Completed,6/28/2021,null,502
503,Fifth Third Bank,44818218,Completed,4/20/2022,503,503
504,Bank of New York Mellon,62439794,Completed,1/31/2022,504,504
505,Silicon Valley Bank,39918646,Completed,6/5/2021,505,505
506,Bank of New York Mellon,12707764,Completed,12/20/2021,506,506
507,Silicon Valley Bank,82766327,Completed,7/10/2021,507,507
508,Capital One Financial,95046473,Completed,11/2/2021,508,508
509,Silicon Valley Bank,37312842,Completed,1/27/2022,509,509
510,Silicon Valley Bank,33719124,Completed,7/7/2021,null,510
511,Silicon Valley Bank,95416595,Completed,3/24/2022,null,511
512,Silicon Valley Bank,52568127,Completed,9/10/2021,null,512
513,Silicon Valley Bank,75018359,Completed,12/8/2021,513,513
514,Goldman Sachs Group,83584065,Completed,4/26/2022,514,514
515,Silicon Valley Bank,23486624,Completed,5/29/2021,null,515
516,Silicon Valley Bank,26900754,Completed,2/7/2022,516,516
517,Silicon Valley Bank,23828657,Completed,8/12/2021,null,517
518,Silicon Valley Bank,33859747,Completed,8/7/2021,null,518
519,Silicon Valley Bank,16135557,Completed,5/19/2022,519,519
520,Silicon Valley Bank,54232890,Completed,12/21/2021,520,520
521,Bank of New York Mellon,64798633,Completed,11/23/2021,null,521
522,Silicon Valley Bank,03297660,Completed,6/12/2021,522,522
523,Silicon Valley Bank,97130604,Completed,12/2/2021,null,523
524,State Street Corp,20148674,Completed,10/4/2021,null,524
525,Silicon Valley Bank,25631903,Completed,4/5/2022,525,525
526,Silicon Valley Bank,72278523,Completed,11/19/2021,null,526
527,Silicon Valley Bank,46111210,Completed,10/2/2021,null,527
528,Silicon Valley Bank,44594233,Completed,4/8/2022,528,528
529,Silicon Valley Bank,63779441,Completed,8/5/2021,null,529
530,Fifth Third Bank,71735556,Completed,8/2/2021,null,530
531,Silicon Valley Bank,00249174,Completed,1/4/2022,null,531
532,State Street Corp,95843245,Completed,9/25/2021,null,532
533,Silicon Valley Bank,55961475,Completed,9/27/2021,533,533
534,Silicon Valley Bank,47204791,Completed,1/29/2022,534,534
535,Silicon Valley Bank,81239510,Completed,11/9/2021,535,535
536,Silicon Valley Bank,34638393,Completed,7/15/2021,536,536
537,Fifth Third Bank,22083142,Completed,11/5/2021,null,537
538,Silicon Valley Bank,80968978,Completed,1/7/2022,538,538
539,Silicon Valley Bank,56366316,Completed,8/4/2021,539,539
540,Silicon Valley Bank,17929716,Completed,9/24/2021,null,540
541,Silicon Valley Bank,85728324,Completed,1/15/2022,541,541
542,Silicon Valley Bank,58055790,Completed,2/2/2022,null,542
543,Silicon Valley Bank,01737143,Completed,11/2/2021,null,543
544,Silicon Valley Bank,46997669,Completed,4/26/2022,544,544
545,Silicon Valley Bank,19286944,Completed,12/29/2021,null,545
546,Silicon Valley Bank,57229051,Completed,7/7/2021,546,546
547,Silicon Valley Bank,67195584,Completed,7/26/2021,null,547
548,Silicon Valley Bank,22936543,Completed,12/9/2021,548,548
549,Fifth Third Bank,07790565,Completed,11/14/2021,549,549
550,Fifth Third Bank,75186857,Completed,9/10/2021,550,550
551,Fifth Third Bank,76729331,Completed,5/29/2021,null,1
552,Silicon Valley Bank,70752481,Completed,6/13/2021,null,2
553,Silicon Valley Bank,57607127,Completed,11/16/2021,3,3
554,Silicon Valley Bank,72278583,Completed,5/4/2022,4,4
555,Silicon Valley Bank,61575091,Completed,1/20/2022,5,5
556,Silicon Valley Bank,17718319,Completed,11/30/2021,6,6
557,Silicon Valley Bank,49270831,Completed,4/13/2022,7,7
558,Silicon Valley Bank,58219971,Completed,8/27/2021,8,8
559,Fifth Third Bank,24228205,Completed,11/9/2021,null,9
560,Bank of New York Mellon,57917653,Completed,10/26/2021,null,10
561,Silicon Valley Bank,85715950,Completed,2/19/2022,null,11
562,Fifth Third Bank,98075506,Completed,9/23/2021,12,12
563,Silicon Valley Bank,88900842,Completed,7/31/2021,13,13
564,Silicon Valley Bank,78801792,Completed,6/21/2021,14,14
565,Silicon Valley Bank,19168527,Completed,8/10/2021,null,15
566,Silicon Valley Bank,46076596,Completed,5/30/2021,null,16
567,Silicon Valley Bank,64709468,Completed,3/16/2022,17,17
568,Silicon Valley Bank,07437947,Completed,3/1/2022,18,18
569,Silicon Valley Bank,42791962,Completed,3/11/2022,19,19
570,Silicon Valley Bank,92406783,Completed,4/27/2022,null,20
571,Silicon Valley Bank,71810086,Completed,6/12/2021,21,21
572,Silicon Valley Bank,44270122,Completed,7/5/2021,22,22
573,Silicon Valley Bank,46215675,Completed,11/17/2021,23,23
574,Silicon Valley Bank,44850223,Completed,6/11/2021,null,24
575,Goldman Sachs Group,98787356,Completed,2/28/2022,null,25
576,Silicon Valley Bank,87712860,Completed,8/8/2021,26,26
577,Silicon Valley Bank,69947493,Completed,6/28/2021,27,27
578,Fifth Third Bank,70401384,Completed,2/14/2022,null,28
579,Bank of New York Mellon,37372917,Completed,9/18/2021,null,29
580,Silicon Valley Bank,42807463,Completed,10/14/2021,30,30
581,Silicon Valley Bank,22083142,Completed,4/23/2022,null,31
582,Silicon Valley Bank,39466651,Completed,4/11/2022,32,32
583,Silicon Valley Bank,09389844,Completed,7/19/2021,null,33
584,Silicon Valley Bank,94789507,Completed,8/25/2021,34,34
585,Silicon Valley Bank,45768047,Completed,3/10/2022,null,35
586,Silicon Valley Bank,54413347,Completed,2/19/2022,null,36
587,Fifth Third Bank,49109155,Completed,1/31/2022,null,37
588,Silicon Valley Bank,84440061,Completed,5/30/2021,null,38
589,Fifth Third Bank,09613597,Completed,2/9/2022,39,39
590,Silicon Valley Bank,90880022,Completed,9/20/2021,null,40
591,Silicon Valley Bank,19108070,Completed,6/2/2021,null,41
592,State Street Corp,30774206,Completed,4/23/2022,42,42
593,Silicon Valley Bank,16823816,Completed,5/20/2022,null,43
594,Fifth Third Bank,91738762,Completed,1/5/2022,null,44
595,Silicon Valley Bank,41572310,Completed,8/8/2021,null,45
596,Silicon Valley Bank,13455431,Completed,5/16/2022,null,46
597,Silicon Valley Bank,51875587,Completed,7/21/2021,null,47
598,Silicon Valley Bank,34283656,Completed,4/21/2022,48,48
599,Silicon Valley Bank,96307084,Completed,11/15/2021,null,49
600,State Street Corp,44668445,Completed,8/1/2021,50,50
601,State Street Corp,93618909,Completed,3/22/2022,null,1
602,Silicon Valley Bank,11662023,Completed,12/30/2021,2,2
603,Fifth Third Bank,06782965,Completed,12/24/2021,3,3
604,Silicon Valley Bank,93100385,Completed,12/10/2021,null,4
605,Silicon Valley Bank,60506484,Completed,1/20/2022,null,5
606,Silicon Valley Bank,73341162,Completed,3/30/2022,6,6
607,Silicon Valley Bank,15573104,Completed,5/14/2022,null,7
608,Silicon Valley Bank,54413347,Completed,10/28/2021,8,8
609,Silicon Valley Bank,61843795,Completed,7/8/2021,9,9
610,Fifth Third Bank,19607430,Completed,1/9/2022,null,10
611,Silicon Valley Bank,78805103,Completed,8/6/2021,null,11
612,Silicon Valley Bank,23486624,Completed,6/5/2021,null,12
613,Silicon Valley Bank,28641742,Completed,12/24/2021,13,13
614,Fifth Third Bank,70449611,Completed,11/21/2021,null,14
615,Silicon Valley Bank,72314075,Completed,12/23/2021,null,15
616,Silicon Valley Bank,87712860,Completed,10/5/2021,16,16
617,Silicon Valley Bank,71755842,Completed,5/10/2022,17,17
618,Silicon Valley Bank,41196115,Completed,8/10/2021,null,18
619,Fifth Third Bank,03167766,Completed,3/26/2022,19,19
620,Silicon Valley Bank,58578462,Completed,8/26/2021,null,20
621,Silicon Valley Bank,69295940,Completed,9/1/2021,null,21
622,Silicon Valley Bank,27216645,Completed,6/30/2021,null,22
623,Silicon Valley Bank,22639078,Completed,2/8/2022,23,23
624,Silicon Valley Bank,09819184,Completed,6/27/2021,null,24
625,Silicon Valley Bank,34595916,Completed,8/7/2021,null,25
626,Silicon Valley Bank,17843591,Completed,4/25/2022,26,26
627,Silicon Valley Bank,79533684,Completed,4/27/2022,27,27
628,Silicon Valley Bank,37376429,Completed,7/31/2021,28,28
629,Silicon Valley Bank,10572390,Completed,12/6/2021,29,29
630,Silicon Valley Bank,86104072,Completed,5/20/2022,30,30
631,Fifth Third Bank,73552599,Completed,6/24/2021,null,31
632,Silicon Valley Bank,63561312,Completed,7/12/2021,null,32
633,Silicon Valley Bank,33719124,Completed,11/20/2021,null,33
634,Bank of New York Mellon,73228099,Completed,7/3/2021,34,34
635,Silicon Valley Bank,36324428,Completed,11/29/2021,null,35
636,Silicon Valley Bank,42251489,Completed,3/8/2022,36,36
637,Fifth Third Bank,22748919,Completed,11/3/2021,37,37
638,Silicon Valley Bank,64709468,Completed,3/21/2022,38,38
639,Fifth Third Bank,89570967,Completed,8/16/2021,39,39
640,State Street Corp,60933926,Completed,11/23/2021,null,40
641,Silicon Valley Bank,87555191,Completed,1/13/2022,41,41
642,Bank of New York Mellon,95843245,Completed,7/3/2021,null,42
643,Silicon Valley Bank,44868709,Completed,7/26/2021,null,43
644,Silicon Valley Bank,16834967,Completed,5/2/2022,null,44
645,Bank of New York Mellon,76455499,Completed,11/17/2021,45,45
646,Silicon Valley Bank,28497719,Completed,4/6/2022,null,46
647,Silicon Valley Bank,82449765,Completed,9/5/2021,47,47
648,State Street Corp,41572310,Completed,4/11/2022,null,48
649,Silicon Valley Bank,25998926,Completed,8/22/2021,49,49
650,Silicon Valley Bank,98054213,Completed,8/6/2021,50,50
651,Capital One Financial,75319871,Completed,5/4/2022,1,1
652,Silicon Valley Bank,41582518,Completed,3/15/2022,2,2
653,Silicon Valley Bank,70878454,Completed,9/20/2021,null,3
654,Silicon Valley Bank,01737143,Completed,2/19/2022,4,4
655,Silicon Valley Bank,93618909,Completed,8/17/2021,5,5
656,Fifth Third Bank,82438319,Completed,7/5/2021,null,6
657,Silicon Valley Bank,36476100,Completed,7/10/2021,null,7
658,Silicon Valley Bank,28833598,Completed,9/17/2021,null,8
659,Silicon Valley Bank,45372257,Completed,8/21/2021,null,9
660,Silicon Valley Bank,44243732,Completed,8/19/2021,10,10
661,Silicon Valley Bank,12173278,Completed,8/6/2021,11,11
662,Silicon Valley Bank,99626285,Completed,1/23/2022,12,12
663,Silicon Valley Bank,83390368,Completed,11/24/2021,null,13
664,Silicon Valley Bank,67477964,Completed,9/19/2021,null,14
665,Fifth Third Bank,37376429,Completed,9/1/2021,15,15
666,Fifth Third Bank,55554074,Completed,8/13/2021,16,16
667,Silicon Valley Bank,59289600,Completed,1/14/2022,17,17
668,Silicon Valley Bank,63934819,Completed,4/5/2022,null,18
669,Silicon Valley Bank,23767476,Completed,2/27/2022,null,19
670,Silicon Valley Bank,33859747,Completed,7/1/2021,null,20
671,Silicon Valley Bank,61575091,Completed,6/12/2021,null,21
672,Bank of New York Mellon,66809363,Completed,12/6/2021,null,22
673,Silicon Valley Bank,21966007,Completed,8/21/2021,23,23
674,Silicon Valley Bank,82272507,Completed,1/12/2022,null,24
675,Silicon Valley Bank,52577108,Completed,12/1/2021,25,25
676,Silicon Valley Bank,56834510,Completed,10/29/2021,null,26
677,Silicon Valley Bank,98915086,Completed,4/19/2022,27,27
678,Silicon Valley Bank,79608373,Completed,11/1/2021,28,28
679,Silicon Valley Bank,69543899,Completed,5/4/2022,29,29
680,Silicon Valley Bank,72516264,Completed,9/26/2021,null,30
681,Fifth Third Bank,82834109,Completed,3/13/2022,null,31
682,Silicon Valley Bank,66803414,Completed,7/29/2021,null,32
683,Silicon Valley Bank,71213225,Completed,1/14/2022,33,33
684,Fifth Third Bank,96839005,Completed,9/1/2021,34,34
685,Silicon Valley Bank,33599817,Completed,12/28/2021,null,35
686,Silicon Valley Bank,07224798,Completed,10/5/2021,null,36
687,Silicon Valley Bank,21433647,Completed,1/24/2022,null,37
688,Silicon Valley Bank,57170093,Completed,7/30/2021,null,38
689,Silicon Valley Bank,65412108,Completed,6/3/2021,null,39
690,Silicon Valley Bank,08403506,Completed,6/1/2021,null,40
691,TD Group US Holdings,46848757,Completed,8/7/2021,41,41
692,Fifth Third Bank,24228205,Completed,2/21/2022,42,42
693,Silicon Valley Bank,42456744,Completed,2/26/2022,43,43
694,Silicon Valley Bank,75143424,Completed,1/20/2022,44,44
695,State Street Corp,38083904,Completed,6/16/2021,null,45
696,State Street Corp,40376279,Completed,1/29/2022,46,46
697,Silicon Valley Bank,83859652,Completed,12/4/2021,null,47
698,Silicon Valley Bank,07790565,Completed,2/4/2022,48,48
699,Silicon Valley Bank,43720556,Completed,3/28/2022,49,49
700,Silicon Valley Bank,99299680,Completed,2/27/2022,null,50
701,Silicon Valley Bank,06985326,Completed,12/18/2021,null,1
702,PNC Financial Services Group Inc,61575091,Completed,8/13/2021,null,2
703,Fifth Third Bank,10229240,Completed,3/28/2022,3,3
704,Silicon Valley Bank,94402937,Completed,4/15/2022,null,4
705,Silicon Valley Bank,44818218,Completed,4/23/2022,5,5
706,Fifth Third Bank,67963782,Completed,3/13/2022,6,6
707,Silicon Valley Bank,73228099,Completed,12/6/2021,null,7
708,Silicon Valley Bank,57521608,Completed,5/21/2021,null,8
709,Silicon Valley Bank,08404440,Completed,1/11/2022,9,9
710,Fifth Third Bank,41196115,Completed,4/23/2022,10,10
711,Silicon Valley Bank,28345143,Completed,2/3/2022,null,11
712,Silicon Valley Bank,87067183,Completed,3/3/2022,null,12
713,Fifth Third Bank,56602085,Completed,5/17/2022,null,13
714,Fifth Third Bank,73562424,Completed,5/11/2022,null,14
715,Silicon Valley Bank,96794826,Completed,7/22/2021,null,15
716,Silicon Valley Bank,94221171,Completed,7/3/2021,null,16
717,Silicon Valley Bank,88005485,Completed,8/6/2021,null,17
718,Fifth Third Bank,72516264,Completed,3/24/2022,18,18
719,Silicon Valley Bank,11855912,Completed,1/18/2022,19,19
720,Silicon Valley Bank,81771029,Completed,11/16/2021,20,20
721,Silicon Valley Bank,42294605,Completed,5/16/2022,21,21
722,Silicon Valley Bank,12152298,Completed,11/13/2021,22,22
723,Silicon Valley Bank,16145215,Completed,3/6/2022,null,23
724,Bank of New York Mellon,29281062,Completed,1/31/2022,null,24
725,Silicon Valley Bank,62264636,Completed,4/17/2022,25,25
726,Bank of New York Mellon,89561367,Completed,8/30/2021,26,26
727,Silicon Valley Bank,41660144,Completed,12/19/2021,null,27
728,Silicon Valley Bank,60400738,Completed,6/21/2021,null,28
729,Silicon Valley Bank,40376279,Completed,12/15/2021,null,29
730,Silicon Valley Bank,38183907,Completed,2/12/2022,30,30
731,Silicon Valley Bank,55931336,Completed,12/29/2021,null,31
732,Silicon Valley Bank,96371656,Completed,10/2/2021,null,32
733,Silicon Valley Bank,84090433,Completed,7/13/2021,null,33
734,Silicon Valley Bank,34108371,Completed,6/3/2021,null,34
735,Silicon Valley Bank,51532704,Completed,12/25/2021,35,35
736,Silicon Valley Bank,11307692,Completed,1/23/2022,null,36
737,Silicon Valley Bank,26433712,Completed,10/10/2021,37,37
738,Silicon Valley Bank,71213225,Completed,6/17/2021,38,38
739,State Street Corp,28640268,Completed,7/19/2021,null,39
740,Silicon Valley Bank,24995629,Completed,11/3/2021,40,40
741,Fifth Third Bank,15024151,Completed,11/8/2021,null,41
742,Silicon Valley Bank,19390960,Completed,6/19/2021,null,42
743,Silicon Valley Bank,61164462,Completed,2/25/2022,43,43
744,Silicon Valley Bank,94789507,Completed,12/6/2021,null,44
745,State Street Corp,64722711,Completed,12/23/2021,null,45
746,Silicon Valley Bank,39918646,Completed,8/18/2021,null,46
747,Capital One Financial,08383063,Completed,10/5/2021,null,47
748,Silicon Valley Bank,82706578,Completed,1/1/2022,null,48
749,Silicon Valley Bank,66683927,Completed,6/11/2021,null,49
750,Silicon Valley Bank,96891719,Completed,6/26/2021,50,50
751,Silicon Valley Bank,97628596,Completed,5/29/2021,null,1
752,Silicon Valley Bank,66809363,Completed,4/10/2022,null,2
753,Fifth Third Bank,88900842,Completed,9/8/2021,3,3
754,Silicon Valley Bank,34694387,Completed,2/20/2022,null,4
755,Silicon Valley Bank,70489466,Completed,3/9/2022,5,5
756,Silicon Valley Bank,86334699,Completed,5/26/2021,6,6
757,State Street Corp,33719124,Completed,3/27/2022,null,7
758,Silicon Valley Bank,53999809,Completed,10/23/2021,8,8
759,Silicon Valley Bank,19945717,Completed,4/12/2022,null,9
760,Fifth Third Bank,87770260,Completed,12/14/2021,10,10
761,Silicon Valley Bank,61366684,Completed,12/18/2021,null,11
762,Silicon Valley Bank,00223504,Completed,9/19/2021,12,12
763,Silicon Valley Bank,83353416,Completed,3/27/2022,null,13
764,Silicon Valley Bank,99294424,Completed,4/7/2022,14,14
765,Silicon Valley Bank,87431030,Completed,2/5/2022,null,15
766,Silicon Valley Bank,96307084,Completed,11/29/2021,null,16
767,Silicon Valley Bank,69268877,Completed,7/12/2021,17,17
768,Silicon Valley Bank,51012867,Completed,5/16/2022,18,18
769,Silicon Valley Bank,56735274,Completed,9/3/2021,19,19
770,Fifth Third Bank,17934568,Completed,6/12/2021,20,20
771,Silicon Valley Bank,71030054,Completed,3/29/2022,21,21
772,Silicon Valley Bank,68522741,Completed,1/21/2022,null,22
773,Fifth Third Bank,21689283,Completed,1/31/2022,null,23
774,Fifth Third Bank,37168508,Completed,1/7/2022,24,24
775,Silicon Valley Bank,74654380,Completed,12/8/2021,null,25
776,Silicon Valley Bank,85528209,Completed,8/25/2021,null,26
777,Silicon Valley Bank,08726614,Completed,2/21/2022,27,27
778,Fifth Third Bank,18662431,Completed,1/16/2022,28,28
779,Silicon Valley Bank,03900349,Completed,3/20/2022,29,29
780,Silicon Valley Bank,63561312,Completed,7/10/2021,null,30
781,Silicon Valley Bank,03763782,Completed,8/31/2021,31,31
782,Fifth Third Bank,93911381,Completed,3/13/2022,32,32
783,Silicon Valley Bank,49270831,Completed,3/24/2022,33,33
784,Silicon Valley Bank,99299680,Completed,7/15/2021,34,34
785,Silicon Valley Bank,05374919,Completed,3/11/2022,35,35
786,Silicon Valley Bank,99649666,Completed,10/31/2021,null,36
787,TD Group US Holdings,96386567,Completed,6/26/2021,37,37
788,Silicon Valley Bank,28641742,Completed,1/2/2022,null,38
789,Silicon Valley Bank,13341060,Completed,9/20/2021,null,39
790,Silicon Valley Bank,72278583,Completed,8/15/2021,40,40
791,Fifth Third Bank,56014399,Completed,8/7/2021,41,41
792,Fifth Third Bank,67195584,Completed,7/8/2021,null,42
793,Silicon Valley Bank,25937250,Completed,1/8/2022,null,43
794,Bank of New York Mellon,62154461,Completed,9/25/2021,44,44
795,Silicon Valley Bank,44528758,Completed,9/3/2021,45,45
796,Silicon Valley Bank,77094198,Completed,10/25/2021,46,46
797,Silicon Valley Bank,12491425,Completed,5/20/2022,null,47
798,Silicon Valley Bank,41611332,Completed,10/29/2021,48,48
799,Silicon Valley Bank,77065629,Completed,1/25/2022,null,49
800,Fifth Third Bank,66774438,Completed,3/28/2022,50,50
801,Silicon Valley Bank,65766332,Completed,6/28/2021,null,1
802,Silicon Valley Bank,32080118,Completed,12/20/2021,2,2
803,State Street Corp,53372354,Completed,9/22/2021,3,3
804,Silicon Valley Bank,57585608,Completed,6/10/2021,4,4
805,Silicon Valley Bank,44057703,Completed,10/3/2021,5,5
806,Silicon Valley Bank,46954367,Completed,8/1/2021,6,6
807,Silicon Valley Bank,44273328,Completed,5/25/2021,null,7
808,Capital One Financial,61843795,Completed,7/18/2021,null,8
809,Fifth Third Bank,99097490,Completed,3/31/2022,9,9
810,State Street Corp,88776975,Completed,7/25/2021,null,10
811,Silicon Valley Bank,55089019,Completed,1/8/2022,null,11
812,Silicon Valley Bank,75295838,Completed,11/5/2021,12,12
813,Fifth Third Bank,09024501,Completed,9/10/2021,null,13
814,Silicon Valley Bank,25446643,Completed,3/2/2022,null,14
815,Silicon Valley Bank,00091328,Completed,11/13/2021,15,15
816,Silicon Valley Bank,34943783,Completed,3/7/2022,null,16
817,TD Group US Holdings,53879742,Completed,8/15/2021,null,17
818,Silicon Valley Bank,95595037,Completed,12/31/2021,18,18
819,Silicon Valley Bank,50487320,Completed,2/23/2022,19,19
820,Silicon Valley Bank,50916560,Completed,8/18/2021,20,20
821,Silicon Valley Bank,86871991,Completed,8/17/2021,null,21
822,Silicon Valley Bank,13673502,Completed,12/22/2021,22,22
823,Silicon Valley Bank,38183907,Completed,1/14/2022,null,23
824,Silicon Valley Bank,42251489,Completed,7/26/2021,null,24
825,Silicon Valley Bank,95046473,Completed,1/1/2022,null,25
826,Fifth Third Bank,69764669,Completed,5/25/2021,26,26
827,Silicon Valley Bank,32519988,Completed,1/2/2022,null,27
828,Fifth Third Bank,61575091,Completed,5/2/2022,null,28
829,State Street Corp,95536209,Completed,7/13/2021,29,29
830,Silicon Valley Bank,71976440,Completed,10/4/2021,30,30
831,Fifth Third Bank,29427364,Completed,11/24/2021,null,31
832,Silicon Valley Bank,21079067,Completed,7/11/2021,32,32
833,Silicon Valley Bank,00249174,Completed,7/1/2021,33,33
834,Silicon Valley Bank,36476100,Completed,9/9/2021,null,34
835,Silicon Valley Bank,82679804,Completed,12/11/2021,35,35
836,Silicon Valley Bank,61881102,Completed,9/30/2021,36,36
837,Silicon Valley Bank,80968978,Completed,10/24/2021,37,37
838,Fifth Third Bank,46997669,Completed,6/12/2021,38,38
839,Fifth Third Bank,37024247,Completed,6/25/2021,39,39
840,Silicon Valley Bank,03763782,Completed,1/30/2022,null,40
841,Fifth Third Bank,52113254,Completed,7/21/2021,null,41
842,Silicon Valley Bank,23828657,Completed,7/6/2021,null,42
843,Silicon Valley Bank,41660144,Completed,8/5/2021,43,43
844,Silicon Valley Bank,66809363,Completed,8/28/2021,44,44
845,Fifth Third Bank,35022510,Completed,1/16/2022,null,45
846,Silicon Valley Bank,78805103,Completed,8/21/2021,null,46
847,Silicon Valley Bank,79204231,Completed,2/26/2022,47,47
848,Silicon Valley Bank,56715316,Completed,6/29/2021,null,48
849,Silicon Valley Bank,26459495,Completed,4/15/2022,null,49
850,Silicon Valley Bank,57917653,Completed,2/20/2022,50,50
851,Silicon Valley Bank,35528728,Completed,5/11/2022,null,1
852,Bank of New York Mellon,35076264,Completed,10/29/2021,2,2
853,Silicon Valley Bank,85588742,Completed,2/8/2022,null,3
854,Silicon Valley Bank,66774438,Completed,10/22/2021,4,4
855,State Street Corp,85976697,Completed,1/8/2022,5,5
856,Silicon Valley Bank,69295940,Completed,6/8/2021,null,6
857,Silicon Valley Bank,84090433,Completed,5/4/2022,7,7
858,Silicon Valley Bank,35367190,Completed,5/11/2022,null,8
859,Fifth Third Bank,01737143,Completed,1/12/2022,null,9
860,Fifth Third Bank,80589896,Completed,1/4/2022,10,10
861,Silicon Valley Bank,92697049,Completed,7/10/2021,11,11
862,Silicon Valley Bank,87555191,Completed,11/24/2021,null,12
863,Fifth Third Bank,28299640,Completed,6/2/2021,null,13
864,Silicon Valley Bank,25446643,Completed,11/11/2021,14,14
865,Silicon Valley Bank,15999815,Completed,7/24/2021,15,15
866,State Street Corp,14034730,Completed,7/26/2021,16,16
867,TD Group US Holdings,46848757,Completed,8/4/2021,null,17
868,Silicon Valley Bank,33752832,Completed,9/7/2021,18,18
869,Silicon Valley Bank,19108070,Completed,8/6/2021,null,19
870,Silicon Valley Bank,48947739,Completed,1/25/2022,20,20
871,Silicon Valley Bank,43935238,Completed,8/24/2021,21,21
872,Silicon Valley Bank,19607430,Completed,5/1/2022,null,22
873,Silicon Valley Bank,79204231,Completed,7/26/2021,23,23
874,Fifth Third Bank,06182136,Completed,8/16/2021,24,24
875,Fifth Third Bank,97834427,Completed,8/8/2021,25,25
876,Silicon Valley Bank,29171925,Completed,5/5/2022,null,26
877,Goldman Sachs Group,49504990,Completed,1/26/2022,null,27
878,Silicon Valley Bank,76455499,Completed,11/6/2021,null,28
879,Fifth Third Bank,53166077,Completed,12/21/2021,null,29
880,Fifth Third Bank,38083904,Completed,11/24/2021,30,30
881,Silicon Valley Bank,97640401,Completed,3/16/2022,null,31
882,Silicon Valley Bank,11855912,Completed,7/2/2021,null,32
883,Silicon Valley Bank,63934819,Completed,3/9/2022,33,33
884,Silicon Valley Bank,78615149,Completed,9/2/2021,34,34
885,Silicon Valley Bank,78504316,Completed,9/6/2021,35,35
886,Silicon Valley Bank,72516264,Completed,4/21/2022,null,36
887,Silicon Valley Bank,75636569,Completed,1/15/2022,null,37
888,Silicon Valley Bank,77675293,Completed,9/21/2021,38,38
889,Silicon Valley Bank,46954367,Completed,8/29/2021,null,39
890,Silicon Valley Bank,25220951,Completed,7/26/2021,null,40
891,Silicon Valley Bank,74094500,Completed,4/23/2022,null,41
892,State Street Corp,56109764,Completed,2/19/2022,null,42
893,Silicon Valley Bank,72278523,Completed,7/26/2021,null,43
894,Silicon Valley Bank,51658207,Completed,3/25/2022,null,44
895,Silicon Valley Bank,42224826,Completed,1/9/2022,null,45
896,Silicon Valley Bank,07224798,Completed,2/7/2022,null,46
897,Silicon Valley Bank,31289730,Completed,2/18/2022,47,47
898,Silicon Valley Bank,50482491,Completed,8/11/2021,48,48
899,TD Group US Holdings,87724460,Completed,12/24/2021,49,49
900,Fifth Third Bank,01281017,Completed,3/22/2022,50,50
901,Silicon Valley Bank,48641130,Completed,9/19/2021,null,1
902,Silicon Valley Bank,12863468,Completed,8/5/2021,null,2
903,State Street Corp,90880022,Completed,12/16/2021,null,3
904,Silicon Valley Bank,95416595,Completed,6/4/2021,null,4
905,Silicon Valley Bank,21475220,Completed,9/14/2021,null,5
906,Silicon Valley Bank,78882593,Completed,5/25/2021,6,6
907,Silicon Valley Bank,93852672,Completed,7/17/2021,7,7
908,Silicon Valley Bank,16491400,Completed,6/14/2021,null,8
909,Silicon Valley Bank,72716085,Completed,12/9/2021,null,9
910,Fifth Third Bank,38107671,Completed,1/5/2022,null,10
911,Silicon Valley Bank,28523020,Completed,8/18/2021,null,11
912,Silicon Valley Bank,01813123,Completed,12/21/2021,12,12
913,Silicon Valley Bank,23354087,Completed,11/2/2021,null,13
914,State Street Corp,76597718,Completed,7/18/2021,14,14
915,Silicon Valley Bank,52113254,Completed,12/9/2021,15,15
916,Silicon Valley Bank,80811878,Completed,4/4/2022,16,16
917,Fifth Third Bank,85976697,Completed,11/5/2021,17,17
918,Fifth Third Bank,58294341,Completed,8/17/2021,null,18
919,Silicon Valley Bank,30723906,Completed,4/7/2022,19,19
920,Silicon Valley Bank,91249838,Completed,11/18/2021,20,20
921,Silicon Valley Bank,22836480,Completed,3/4/2022,null,21
922,Silicon Valley Bank,76628430,Completed,12/28/2021,null,22
923,Silicon Valley Bank,71324925,Completed,4/28/2022,null,23
924,Silicon Valley Bank,25056896,Completed,3/16/2022,null,24
925,Fifth Third Bank,39499024,Completed,12/17/2021,25,25
926,Silicon Valley Bank,98075506,Completed,6/17/2021,26,26
927,Silicon Valley Bank,69371775,Completed,3/2/2022,null,27
928,Silicon Valley Bank,40878705,Completed,11/30/2021,null,28
929,Silicon Valley Bank,16483852,Completed,10/26/2021,29,29
930,Silicon Valley Bank,11356627,Completed,7/8/2021,30,30
931,Bank of New York Mellon,38609648,Completed,5/13/2022,31,31
932,Fifth Third Bank,14042818,Completed,10/19/2021,32,32
933,Silicon Valley Bank,33147205,Completed,3/11/2022,null,33
934,Silicon Valley Bank,28345143,Completed,9/12/2021,34,34
935,Silicon Valley Bank,18075717,Completed,9/20/2021,null,35
936,Silicon Valley Bank,17610406,Completed,6/22/2021,null,36
937,Silicon Valley Bank,16067648,Completed,10/29/2021,37,37
938,Silicon Valley Bank,75117239,Completed,7/18/2021,null,38
939,Capital One Financial,19490668,Completed,4/8/2022,39,39
940,Silicon Valley Bank,31533258,Completed,2/25/2022,null,40
941,Silicon Valley Bank,18840327,Completed,10/10/2021,41,41
942,Capital One Financial,46996489,Completed,6/26/2021,null,42
943,Silicon Valley Bank,70449611,Completed,5/19/2022,null,43
944,Fifth Third Bank,47368702,Completed,8/25/2021,null,44
945,Silicon Valley Bank,61789123,Completed,11/13/2021,45,45
946,Silicon Valley Bank,78615149,Completed,4/12/2022,null,46
947,Silicon Valley Bank,71232371,Completed,5/19/2022,null,47
948,Silicon Valley Bank,60568280,Completed,7/4/2021,48,48
949,Silicon Valley Bank,62154461,Completed,9/24/2021,49,49
950,Silicon Valley Bank,35836145,Completed,7/10/2021,null,50
951,Silicon Valley Bank,12894116,Completed,1/5/2022,null,1
952,Silicon Valley Bank,41660144,Completed,2/25/2022,null,2
953,Silicon Valley Bank,30320047,Completed,5/9/2022,null,3
954,Silicon Valley Bank,99649666,Completed,3/24/2022,4,4
955,State Street Corp,25022468,Completed,7/11/2021,null,5
956,Silicon Valley Bank,11263061,Completed,4/14/2022,6,6
957,Silicon Valley Bank,49906168,Completed,1/21/2022,null,7
958,Silicon Valley Bank,03535057,Completed,8/10/2021,null,8
959,Silicon Valley Bank,67195584,Completed,3/18/2022,null,9
960,Silicon Valley Bank,82231149,Completed,1/1/2022,null,10
961,Silicon Valley Bank,64709468,Completed,11/21/2021,11,11
962,Silicon Valley Bank,19108070,Completed,12/5/2021,null,12
963,Silicon Valley Bank,87169316,Completed,2/22/2022,13,13
964,Silicon Valley Bank,13822664,Completed,7/1/2021,null,14
965,State Street Corp,84577051,Completed,2/21/2022,15,15
966,Silicon Valley Bank,12152298,Completed,10/14/2021,null,16
967,Silicon Valley Bank,38308763,Completed,6/25/2021,null,17
968,Silicon Valley Bank,32519988,Completed,6/21/2021,null,18
969,Silicon Valley Bank,16834967,Completed,10/11/2021,null,19
970,Silicon Valley Bank,15972370,Completed,6/5/2021,20,20
971,Silicon Valley Bank,34283656,Completed,2/15/2022,21,21
972,Fifth Third Bank,13706769,Completed,2/2/2022,null,22
973,Silicon Valley Bank,73519929,Completed,2/25/2022,null,23
974,State Street Corp,36324428,Completed,7/9/2021,null,24
975,State Street Corp,32192917,Completed,10/24/2021,25,25
976,Silicon Valley Bank,81978882,Completed,10/9/2021,26,26
977,Silicon Valley Bank,09949389,Completed,4/21/2022,27,27
978,Silicon Valley Bank,01068639,Completed,6/17/2021,null,28
979,Silicon Valley Bank,87255265,Completed,12/28/2021,29,29
980,Silicon Valley Bank,17718319,Completed,11/22/2021,30,30
981,Silicon Valley Bank,82834109,Completed,2/4/2022,31,31
982,Silicon Valley Bank,01407068,Completed,12/8/2021,null,32
983,Silicon Valley Bank,72278523,Completed,3/16/2022,null,33
984,Silicon Valley Bank,71810086,Completed,11/23/2021,null,34
985,Silicon Valley Bank,14029823,Completed,8/8/2021,35,35
986,Bank of New York Mellon,00212367,Completed,9/7/2021,null,36
987,Silicon Valley Bank,95046473,Completed,9/3/2021,null,37
988,Silicon Valley Bank,01737143,Completed,12/12/2021,38,38
989,Fifth Third Bank,78805103,Completed,10/7/2021,39,39
990,Silicon Valley Bank,93098914,Completed,3/7/2022,40,40
991,Fifth Third Bank,91668424,Completed,5/27/2021,null,41
992,Silicon Valley Bank,44057703,Completed,11/10/2021,null,42
993,Silicon Valley Bank,53166077,Completed,10/30/2021,43,43
994,Fifth Third Bank,65412108,Completed,9/25/2021,44,44
995,Silicon Valley Bank,32621968,Completed,9/21/2021,45,45
996,Silicon Valley Bank,00436645,Completed,5/11/2022,null,46
997,Fifth Third Bank,83353416,Completed,5/7/2022,null,47
998,Silicon Valley Bank,53309796,Completed,12/24/2021,48,48
999,Silicon Valley Bank,90802290,Completed,6/11/2021,null,49
1000,Silicon Valley Bank,41611332,Completed,1/9/2022,50,50
