order_number,code_qr,ticketDate,PAYMENTS_payment_no
1,AgENO.pdf,10/23/2021,file\\\C:fbrBl.pdf
2,PYrhJ.pdf,1/23/2022,file\\\C:COYYn.pdf
3,PMQWY.pdf,9/3/2021,file\\\C:ugDuI.pdf
4,EcIzv.pdf,5/6/2022,file\\\C:BnSAN.pdf
5,QLxYs.pdf,7/13/2021,file\\\C:isWfd.pdf
6,lyaoZ.pdf,10/27/2021,file\\\C:ACMhD.pdf
7,dQCrt.pdf,9/23/2021,file\\\C:ZFRto.pdf
8,nNvZR.pdf,3/3/2022,file\\\C:mJayw.pdf
9,drsCJ.pdf,5/29/2021,file\\\C:xqiOn.pdf
10,PLzYA.pdf,9/17/2021,file\\\C:AvFcm.pdf
11,nlGyx.pdf,3/22/2022,file\\\C:HUQfn.pdf
12,ZmJlU.pdf,9/10/2021,file\\\C:NNDlY.pdf
13,hxNcK.pdf,9/20/2021,file\\\C:uPSYR.pdf
14,ESTgM.pdf,5/5/2022,file\\\C:lIODu.pdf
15,jvSAQ.pdf,7/1/2021,file\\\C:lBfyV.pdf
16,ratWO.pdf,1/6/2022,file\\\C:hXIVb.pdf
17,xDRYu.pdf,11/17/2021,file\\\C:PjPft.pdf
18,lQrZm.pdf,3/26/2022,file\\\C:vjgad.pdf
19,LgFHh.pdf,4/17/2022,file\\\C:rRSgd.pdf
20,ZRNUa.pdf,9/14/2021,file\\\C:SKYIl.pdf
21,FqRBE.pdf,5/5/2022,file\\\C:dHCYy.pdf
22,LftNV.pdf,1/1/2022,file\\\C:LCiMu.pdf
23,OCpkz.pdf,7/31/2021,file\\\C:oIUJt.pdf
24,pMFQf.pdf,5/5/2022,file\\\C:GlfYH.pdf
25,IbsGC.pdf,2/1/2022,file\\\C:Ezyja.pdf
26,hVZyk.pdf,3/21/2022,file\\\C:GvafI.pdf
27,izfGc.pdf,8/26/2021,file\\\C:BxCWI.pdf
28,XQEgF.pdf,10/5/2021,file\\\C:imUcS.pdf
29,ibPUX.pdf,1/16/2022,file\\\C:COCJG.pdf
30,FKRWh.pdf,8/9/2021,file\\\C:YETKE.pdf
31,blJAy.pdf,1/14/2022,file\\\C:DBPkU.pdf
32,JozaB.pdf,8/25/2021,file\\\C:ccukI.pdf
33,ZvsNS.pdf,6/23/2021,file\\\C:DJBEt.pdf
34,BZGDF.pdf,7/4/2021,file\\\C:IsOdQ.pdf
35,FUefi.pdf,1/23/2022,file\\\C:AYilr.pdf
36,UQNHM.pdf,2/21/2022,file\\\C:yrkcM.pdf
37,eWgFP.pdf,10/24/2021,file\\\C:pmuOV.pdf
38,EdZCf.pdf,12/2/2021,file\\\C:IEFKS.pdf
39,ijtgs.pdf,1/20/2022,file\\\C:fxziZ.pdf
40,qDRiK.pdf,12/4/2021,file\\\C:WyrRs.pdf
41,ZkjRG.pdf,10/14/2021,file\\\C:CQutX.pdf
42,GUidg.pdf,3/17/2022,file\\\C:HZkUK.pdf
43,NRbdQ.pdf,1/7/2022,file\\\C:ghuMv.pdf
44,QGUbJ.pdf,8/15/2021,file\\\C:CHycg.pdf
45,kCOgK.pdf,7/26/2021,file\\\C:MWYWF.pdf
46,feFnD.pdf,8/27/2021,file\\\C:vfZyt.pdf
47,uYQFR.pdf,8/13/2021,file\\\C:ONvCE.pdf
48,UaIgn.pdf,2/19/2022,file\\\C:wvuDj.pdf
49,WhoIs.pdf,4/8/2022,file\\\C:aBOrP.pdf
50,kLOJQ.pdf,4/19/2022,file\\\C:XvZnC.pdf
51,pxVZX.pdf,2/9/2022,file\\\C:fCCSc.pdf
52,Xgzvu.pdf,8/16/2021,file\\\C:awzgq.pdf
53,yfBiK.pdf,6/4/2021,file\\\C:HedCs.pdf
54,JvPSV.pdf,6/9/2021,file\\\C:crykt.pdf
55,eDcIY.pdf,1/27/2022,file\\\C:PpWVK.pdf
56,lvCHE.pdf,3/25/2022,file\\\C:lWwDe.pdf
57,shAxF.pdf,9/18/2021,file\\\C:MszPF.pdf
58,aWEOG.pdf,7/24/2021,file\\\C:YLVOi.pdf
59,JzQfo.pdf,7/20/2021,file\\\C:ZpVko.pdf
60,EFezt.pdf,2/11/2022,file\\\C:rLxnf.pdf
61,Gywqr.pdf,11/17/2021,file\\\C:wGRsb.pdf
62,LUxAY.pdf,4/30/2022,file\\\C:oNXZe.pdf
63,rbLGF.pdf,7/21/2021,file\\\C:wVOhg.pdf
64,kjPLd.pdf,3/28/2022,file\\\C:NodvH.pdf
65,TVnZw.pdf,8/26/2021,file\\\C:ISrHO.pdf
66,KInXx.pdf,10/10/2021,file\\\C:UkdoO.pdf
67,lpYes.pdf,1/31/2022,file\\\C:mcLzb.pdf
68,Swhiz.pdf,12/2/2021,file\\\C:uUCXU.pdf
69,mKSxf.pdf,11/16/2021,file\\\C:YLhwd.pdf
70,efQFb.pdf,1/18/2022,file\\\C:Oixfb.pdf
71,GvdhF.pdf,4/14/2022,file\\\C:ytMPm.pdf
72,RkmKf.pdf,1/15/2022,file\\\C:Armky.pdf
73,xgyEO.pdf,11/8/2021,file\\\C:LQgbh.pdf
74,BzHJX.pdf,5/28/2021,file\\\C:RtalC.pdf
75,sqrec.pdf,11/15/2021,file\\\C:SQysw.pdf
76,HhCVU.pdf,7/20/2021,file\\\C:hULLp.pdf
77,fHUQG.pdf,8/8/2021,file\\\C:oTHPK.pdf
78,nGZqK.pdf,12/30/2021,file\\\C:anKHv.pdf
79,xuNWI.pdf,2/24/2022,file\\\C:Hvsko.pdf
80,QfwnN.pdf,4/22/2022,file\\\C:UBmVV.pdf
81,ilGJH.pdf,6/20/2021,file\\\C:XhzHs.pdf
82,YlQnd.pdf,7/22/2021,file\\\C:kvIPK.pdf
83,IUdhO.pdf,12/12/2021,file\\\C:wRYRX.pdf
84,hrwDs.pdf,7/13/2021,file\\\C:nSDLJ.pdf
85,QJZmz.pdf,11/10/2021,file\\\C:sTldy.pdf
86,mBNYJ.pdf,11/12/2021,file\\\C:GoROh.pdf
87,caiUs.pdf,11/12/2021,file\\\C:poAga.pdf
88,mWSXT.pdf,2/10/2022,file\\\C:rvBXt.pdf
89,FAeTl.pdf,11/18/2021,file\\\C:PiZKv.pdf
90,CdBoN.pdf,6/8/2021,file\\\C:MhFRn.pdf
91,bANVG.pdf,1/21/2022,file\\\C:wjMkF.pdf
92,pJGRh.pdf,8/27/2021,file\\\C:CVQVq.pdf
93,zmtcn.pdf,5/23/2021,file\\\C:CWGYU.pdf
94,uMOwi.pdf,6/27/2021,file\\\C:YcPbK.pdf
95,tDGed.pdf,5/12/2022,file\\\C:MvyKK.pdf
96,DyXJY.pdf,4/10/2022,file\\\C:BIsoA.pdf
97,KeaTN.pdf,4/9/2022,file\\\C:NKlbO.pdf
98,ezTSh.pdf,6/6/2021,file\\\C:WlzKp.pdf
99,buPqx.pdf,8/10/2021,file\\\C:venDK.pdf
100,fITxE.pdf,3/1/2022,file\\\C:BkYSL.pdf
101,HYdhP.pdf,11/19/2021,file\\\C:UIiSx.pdf
102,Khvbs.pdf,8/25/2021,file\\\C:ksJVf.pdf
103,wqfma.pdf,4/8/2022,file\\\C:KNLhD.pdf
104,OchDb.pdf,10/18/2021,file\\\C:qKqor.pdf
105,KFymz.pdf,7/12/2021,file\\\C:wihFF.pdf
106,KVbmq.pdf,4/1/2022,file\\\C:oTHMk.pdf
107,YmDlp.pdf,6/19/2021,file\\\C:wCuBD.pdf
108,caiUs.pdf,8/25/2021,file\\\C:WcBHG.pdf
109,XmbZP.pdf,4/19/2022,file\\\C:oocTo.pdf
110,boHuC.pdf,12/30/2021,file\\\C:BrjLK.pdf
111,qKQek.pdf,2/21/2022,file\\\C:AhNZZ.pdf
112,MsKFy.pdf,8/15/2021,file\\\C:bxUeW.pdf
113,ZCSBs.pdf,12/7/2021,file\\\C:CiHKm.pdf
114,hqmnG.pdf,6/11/2021,file\\\C:btmoY.pdf
115,hstky.pdf,1/24/2022,file\\\C:fajRQ.pdf
116,hVZyk.pdf,6/12/2021,file\\\C:wfzmG.pdf
117,feFnD.pdf,9/27/2021,file\\\C:evLao.pdf
118,VDZoQ.pdf,6/28/2021,file\\\C:PxTTm.pdf
119,ADejN.pdf,3/9/2022,file\\\C:jkZfu.pdf
120,oZXde.pdf,8/19/2021,file\\\C:uRbxP.pdf
121,KTBgr.pdf,5/27/2021,file\\\C:Tvzgc.pdf
122,lvCHE.pdf,3/16/2022,file\\\C:pfnAk.pdf
123,GjFaN.pdf,2/18/2022,file\\\C:YAkUN.pdf
124,lkXjA.pdf,5/15/2022,file\\\C:tbMNK.pdf
125,rIfYO.pdf,1/5/2022,file\\\C:ForWz.pdf
126,LZxWO.pdf,5/11/2022,file\\\C:PYpUE.pdf
127,cYhzD.pdf,9/17/2021,file\\\C:woFlM.pdf
128,yUohO.pdf,7/4/2021,file\\\C:ElrWO.pdf
129,IFgPo.pdf,4/2/2022,file\\\C:jSAaG.pdf
130,DzSUO.pdf,11/15/2021,file\\\C:acqlK.pdf
131,aoySP.pdf,4/3/2022,file\\\C:xcOST.pdf
132,oGOSU.pdf,7/19/2021,file\\\C:Bttpv.pdf
133,GFtJi.pdf,8/4/2021,file\\\C:cPRFa.pdf
134,vrOtU.pdf,8/15/2021,file\\\C:ogoXf.pdf
135,seFMj.pdf,11/4/2021,file\\\C:RoOYh.pdf
136,IqDXs.pdf,10/10/2021,file\\\C:svlaJ.pdf
137,oihbV.pdf,3/22/2022,file\\\C:MZbtW.pdf
138,mVCpt.pdf,8/29/2021,file\\\C:mtqtY.pdf
139,LaZXB.pdf,12/14/2021,file\\\C:icTPG.pdf
140,KDkUx.pdf,11/30/2021,file\\\C:sBHnA.pdf
141,ZowaC.pdf,6/19/2021,file\\\C:RVfUI.pdf
142,mugPW.pdf,10/11/2021,file\\\C:Qddui.pdf
143,ghYzP.pdf,7/1/2021,file\\\C:ZDRTe.pdf
144,ATexq.pdf,2/11/2022,file\\\C:ejkAO.pdf
145,vYgDG.pdf,7/23/2021,file\\\C:JoJhZ.pdf
146,WFgdl.pdf,11/13/2021,file\\\C:rEjUp.pdf
147,qjUsu.pdf,4/24/2022,file\\\C:GRtao.pdf
148,sinKB.pdf,6/11/2021,file\\\C:FKmsm.pdf
149,ChWAB.pdf,2/9/2022,file\\\C:HHTfp.pdf
150,mEfBR.pdf,8/11/2021,file\\\C:Ingmh.pdf
151,OXwIN.pdf,11/17/2021,file\\\C:AVJUh.pdf
152,iIfgS.pdf,6/20/2021,file\\\C:oJiAX.pdf
153,tFgZS.pdf,4/25/2022,file\\\C:PsQnt.pdf
154,UnaYS.pdf,7/26/2021,file\\\C:gMiFC.pdf
155,hUWJN.pdf,11/13/2021,file\\\C:LTSGi.pdf
156,PFoCr.pdf,3/1/2022,file\\\C:mpVwM.pdf
157,SOfXl.pdf,8/7/2021,file\\\C:Firzm.pdf
158,ESTgM.pdf,7/8/2021,file\\\C:jOajj.pdf
159,ZyFdw.pdf,8/23/2021,file\\\C:EVhYM.pdf
160,HpTDx.pdf,8/14/2021,file\\\C:BEGKL.pdf
161,bHfZR.pdf,2/1/2022,file\\\C:DSadj.pdf
162,BDapd.pdf,11/23/2021,file\\\C:VkbKf.pdf
163,qEWcZ.pdf,12/19/2021,file\\\C:wYYJT.pdf
164,geltb.pdf,6/18/2021,file\\\C:PsoEk.pdf
165,KTBgr.pdf,2/12/2022,file\\\C:hNzjf.pdf
166,tViJS.pdf,12/29/2021,file\\\C:ujlAw.pdf
167,tXrvw.pdf,6/30/2021,file\\\C:GMqDV.pdf
168,DSWwN.pdf,5/2/2022,file\\\C:vDRpz.pdf
169,uXwzi.pdf,3/22/2022,file\\\C:xGqaU.pdf
170,PoEBV.pdf,10/29/2021,file\\\C:NISxp.pdf
171,WLGdT.pdf,4/23/2022,file\\\C:DiVYW.pdf
172,uOHPB.pdf,9/30/2021,file\\\C:KEyJu.pdf
173,PxvbV.pdf,5/5/2022,file\\\C:NGMzF.pdf
174,qvDQl.pdf,1/23/2022,file\\\C:gyGnm.pdf
175,Nflxh.pdf,4/22/2022,file\\\C:qWcgf.pdf
176,hagRV.pdf,10/28/2021,file\\\C:JzJuu.pdf
177,Ugqzw.pdf,7/6/2021,file\\\C:FChXJ.pdf
178,YpkCH.pdf,6/28/2021,file\\\C:CUNCU.pdf
179,dbqHG.pdf,2/13/2022,file\\\C:nVsUV.pdf
180,JwFsl.pdf,3/8/2022,file\\\C:OPUUS.pdf
181,IyuLV.pdf,8/31/2021,file\\\C:DJHGF.pdf
182,CRTzq.pdf,3/28/2022,file\\\C:NqFiN.pdf
183,tldmH.pdf,9/5/2021,file\\\C:RUwes.pdf
184,dKCQh.pdf,10/20/2021,file\\\C:CJpeS.pdf
185,oZXde.pdf,1/27/2022,file\\\C:ZERTa.pdf
186,Clowf.pdf,8/3/2021,file\\\C:qEPQy.pdf
187,rFgxL.pdf,7/17/2021,file\\\C:HUSyu.pdf
188,zqHLM.pdf,11/20/2021,file\\\C:jjJgj.pdf
189,ZygbX.pdf,6/17/2021,file\\\C:hNrOG.pdf
190,TENVp.pdf,6/18/2021,file\\\C:ryyIc.pdf
191,jzXOf.pdf,11/3/2021,file\\\C:RqpCc.pdf
192,hBTwY.pdf,10/24/2021,file\\\C:QTYcn.pdf
193,mVCpt.pdf,9/15/2021,file\\\C:mBxWL.pdf
194,MIAiC.pdf,4/16/2022,file\\\C:CvTNb.pdf
195,hrwDs.pdf,2/1/2022,file\\\C:UzcrK.pdf
196,buPqx.pdf,11/23/2021,file\\\C:EbIxq.pdf
197,kSxAg.pdf,11/28/2021,file\\\C:GNLQq.pdf
198,qgGSN.pdf,6/15/2021,file\\\C:cEKwE.pdf
199,MUphc.pdf,10/31/2021,file\\\C:BkiGm.pdf
200,PRYjE.pdf,3/15/2022,file\\\C:gJBxz.pdf
201,ihMkB.pdf,6/4/2021,file\\\C:aGoiI.pdf
202,WrjIk.pdf,12/3/2021,file\\\C:zUKmQ.pdf
203,ZCidq.pdf,6/1/2021,file\\\C:mFhGo.pdf
204,HJcpE.pdf,12/5/2021,file\\\C:olnSr.pdf
205,OfnIH.pdf,12/6/2021,file\\\C:SbOCM.pdf
206,kHXSg.pdf,10/28/2021,file\\\C:ueOCv.pdf
207,pKjVz.pdf,7/5/2021,file\\\C:NmvPO.pdf
208,YlQnd.pdf,8/28/2021,file\\\C:vKyLf.pdf
209,zmtcn.pdf,9/2/2021,file\\\C:CZfzL.pdf
210,jqpOl.pdf,8/27/2021,file\\\C:JaOXB.pdf
211,RjMcS.pdf,9/28/2021,file\\\C:IOkmy.pdf
212,YxdnE.pdf,3/31/2022,file\\\C:fALrS.pdf
213,dkYIS.pdf,9/13/2021,file\\\C:aBYoL.pdf
214,qOGXe.pdf,11/25/2021,file\\\C:ioTUI.pdf
215,uijYO.pdf,10/8/2021,file\\\C:hNDsK.pdf
216,OFvWP.pdf,1/15/2022,file\\\C:LQvgQ.pdf
217,XTIhP.pdf,1/7/2022,file\\\C:KEdCh.pdf
218,LQjAM.pdf,12/29/2021,file\\\C:njNSV.pdf
219,yUohO.pdf,11/16/2021,file\\\C:EzrcJ.pdf
220,uUNqb.pdf,1/2/2022,file\\\C:pzLPQ.pdf
221,rwAFZ.pdf,3/20/2022,file\\\C:MhXUp.pdf
222,NlnMv.pdf,8/1/2021,file\\\C:TZGyo.pdf
223,oLrXl.pdf,9/13/2021,file\\\C:bEdER.pdf
224,hVZyk.pdf,1/22/2022,file\\\C:IEXDR.pdf
225,oUygW.pdf,9/14/2021,file\\\C:PFlbB.pdf
226,fxOgY.pdf,3/26/2022,file\\\C:UZfLl.pdf
227,qCrlu.pdf,1/24/2022,file\\\C:tnnVC.pdf
228,aCrOV.pdf,5/9/2022,file\\\C:sQrvj.pdf
229,rALTO.pdf,1/23/2022,file\\\C:xXnRH.pdf
230,tiJOS.pdf,12/21/2021,file\\\C:GUDLQ.pdf
231,HkatO.pdf,6/23/2021,file\\\C:dNCsQ.pdf
232,dmWzO.pdf,11/24/2021,file\\\C:lJXYm.pdf
233,NUXZS.pdf,4/9/2022,file\\\C:bKzEP.pdf
234,kiOfx.pdf,5/6/2022,file\\\C:XUElG.pdf
235,RlJzK.pdf,6/13/2021,file\\\C:nXqqU.pdf
236,pDILV.pdf,4/19/2022,file\\\C:Cplrp.pdf
237,fTxoA.pdf,5/28/2021,file\\\C:UNSas.pdf
238,DczRX.pdf,9/21/2021,file\\\C:yPJCF.pdf
239,hayAD.pdf,4/4/2022,file\\\C:XVkcI.pdf
240,NcAnk.pdf,10/21/2021,file\\\C:BeHZw.pdf
241,CZvVe.pdf,5/9/2022,file\\\C:MuEqN.pdf
242,ghYzP.pdf,5/6/2022,file\\\C:wphbL.pdf
243,nfhre.pdf,7/8/2021,file\\\C:BdhyP.pdf
244,LZxWO.pdf,11/20/2021,file\\\C:HqTTy.pdf
245,Hzogt.pdf,7/31/2021,file\\\C:tFMwZ.pdf
246,WvBaD.pdf,11/1/2021,file\\\C:kokzN.pdf
247,SDygt.pdf,3/3/2022,file\\\C:BoqNR.pdf
248,rGRJW.pdf,7/14/2021,file\\\C:Paocj.pdf
249,itxUs.pdf,1/12/2022,file\\\C:qOokr.pdf
250,fUIja.pdf,7/29/2021,file\\\C:hGjDX.pdf
251,qiwRU.pdf,7/9/2021,file\\\C:vtQMY.pdf
252,QLxYs.pdf,11/7/2021,file\\\C:wZMGc.pdf
253,QPIfC.pdf,11/13/2021,file\\\C:jBNVf.pdf
254,HkatO.pdf,1/17/2022,file\\\C:dFpWZ.pdf
255,UZVHc.pdf,11/17/2021,file\\\C:AltyM.pdf
256,cAiYe.pdf,9/8/2021,file\\\C:YFcQt.pdf
257,tonPK.pdf,11/11/2021,file\\\C:KBNUb.pdf
258,CRTzq.pdf,4/16/2022,file\\\C:rlEsq.pdf
259,CZvVe.pdf,5/7/2022,file\\\C:hinxF.pdf
260,VYPrN.pdf,11/4/2021,file\\\C:nPqSn.pdf
261,xiDPY.pdf,5/20/2022,file\\\C:joJKH.pdf
262,yIpKx.pdf,8/11/2021,file\\\C:OfJbc.pdf
263,HIwaT.pdf,2/13/2022,file\\\C:LlZze.pdf
264,Yoepu.pdf,11/2/2021,file\\\C:vfddU.pdf
265,SuUVs.pdf,5/24/2021,file\\\C:jdgdc.pdf
266,vmstT.pdf,12/22/2021,file\\\C:skSHT.pdf
267,pnZoF.pdf,1/4/2022,file\\\C:nkAxg.pdf
268,qCrlu.pdf,7/9/2021,file\\\C:KJLaf.pdf
269,MsKFy.pdf,6/1/2021,file\\\C:UFsXp.pdf
270,Lhwsj.pdf,6/17/2021,file\\\C:gwNwr.pdf
271,lipOq.pdf,3/22/2022,file\\\C:lsNUU.pdf
272,BPlbc.pdf,1/12/2022,file\\\C:hnHuM.pdf
273,DQmdg.pdf,11/18/2021,file\\\C:VCvwZ.pdf
274,hqmnG.pdf,10/16/2021,file\\\C:KduEP.pdf
275,TrPei.pdf,3/5/2022,file\\\C:YGxtP.pdf
276,UfOVW.pdf,2/21/2022,file\\\C:eJmYG.pdf
277,htrnF.pdf,6/4/2021,file\\\C:sLkte.pdf
278,yfBiK.pdf,8/3/2021,file\\\C:TEwow.pdf
279,EkYTU.pdf,8/15/2021,file\\\C:bZwRt.pdf
280,BHIKn.pdf,7/7/2021,file\\\C:AEmsv.pdf
281,QehOx.pdf,6/6/2021,file\\\C:uLoMF.pdf
282,hrwDs.pdf,8/8/2021,file\\\C:UqYtn.pdf
283,OAqah.pdf,8/19/2021,file\\\C:AirYm.pdf
284,phLRJ.pdf,12/30/2021,file\\\C:BCKBS.pdf
285,YKBfp.pdf,1/4/2022,file\\\C:aNNFU.pdf
286,gETsU.pdf,3/21/2022,file\\\C:hbcoA.pdf
287,lNqSg.pdf,1/31/2022,file\\\C:zdRvS.pdf
288,jISUO.pdf,11/26/2021,file\\\C:OdjJQ.pdf
289,xphgj.pdf,11/23/2021,file\\\C:QZGYq.pdf
290,ieCst.pdf,6/23/2021,file\\\C:OuYHk.pdf
291,dkYIS.pdf,2/7/2022,file\\\C:gEnkf.pdf
292,fngxH.pdf,2/4/2022,file\\\C:dryDp.pdf
293,DczRX.pdf,12/27/2021,file\\\C:pwqsV.pdf
294,BDapd.pdf,1/3/2022,file\\\C:LRolM.pdf
295,ratWO.pdf,2/2/2022,file\\\C:MBRIm.pdf
296,rsReE.pdf,12/9/2021,file\\\C:zMGJs.pdf
297,VWZXU.pdf,10/3/2021,file\\\C:AuCPv.pdf
298,xolQH.pdf,8/4/2021,file\\\C:gQBHu.pdf
299,zRhAc.pdf,8/29/2021,file\\\C:sttqq.pdf
300,Ojsry.pdf,12/16/2021,file\\\C:oojxU.pdf
301,ghcDG.pdf,9/30/2021,file\\\C:rpeBA.pdf
302,NLbaM.pdf,7/29/2021,file\\\C:CAMJL.pdf
303,RFxwK.pdf,8/6/2021,file\\\C:CRVSb.pdf
304,EbDnO.pdf,5/25/2021,file\\\C:tBhOo.pdf
305,FGzaw.pdf,12/30/2021,file\\\C:qtKEm.pdf
306,vfPxT.pdf,8/1/2021,file\\\C:fBzey.pdf
307,yAheU.pdf,1/16/2022,file\\\C:TepIr.pdf
308,lBUfI.pdf,8/1/2021,file\\\C:APcZL.pdf
309,RJBVW.pdf,6/21/2021,file\\\C:FvyBf.pdf
310,aWEOG.pdf,12/23/2021,file\\\C:jvYMH.pdf
311,mDxGH.pdf,3/13/2022,file\\\C:cJDOk.pdf
312,kiOfx.pdf,12/17/2021,file\\\C:LqDIg.pdf
313,DSxuk.pdf,7/7/2021,file\\\C:sfCKU.pdf
314,sWcdx.pdf,1/26/2022,file\\\C:zHIBf.pdf
315,kCOgK.pdf,7/30/2021,file\\\C:LKkmq.pdf
316,NoArx.pdf,2/17/2022,file\\\C:kXHaW.pdf
317,xwhLt.pdf,3/19/2022,file\\\C:KyPAw.pdf
318,VHfWy.pdf,11/5/2021,file\\\C:skTZf.pdf
319,aryhk.pdf,1/20/2022,file\\\C:AJwaF.pdf
320,NRbdQ.pdf,9/4/2021,file\\\C:shMgN.pdf
321,gjiFx.pdf,11/5/2021,file\\\C:klXcI.pdf
322,XJPDB.pdf,6/21/2021,file\\\C:aPuGQ.pdf
323,zoLgI.pdf,1/19/2022,file\\\C:ioOhN.pdf
324,YnKCq.pdf,5/4/2022,file\\\C:JMeNL.pdf
325,JCTfO.pdf,2/16/2022,file\\\C:guiTl.pdf
326,WrjIk.pdf,9/14/2021,file\\\C:OqEbq.pdf
327,DSWwN.pdf,10/27/2021,file\\\C:mAwMB.pdf
328,phLRJ.pdf,1/7/2022,file\\\C:pztRa.pdf
329,MdjXa.pdf,5/8/2022,file\\\C:BnYGP.pdf
330,UREWc.pdf,4/14/2022,file\\\C:akaMz.pdf
331,DOMUR.pdf,4/15/2022,file\\\C:DoGUo.pdf
332,QDPTl.pdf,11/19/2021,file\\\C:qizGP.pdf
333,ZKPoN.pdf,5/16/2022,file\\\C:BBaWN.pdf
334,lkXjA.pdf,5/7/2022,file\\\C:QTmTI.pdf
335,daunQ.pdf,7/27/2021,file\\\C:pmORr.pdf
336,enRhA.pdf,6/5/2021,file\\\C:QcqKA.pdf
337,BysVJ.pdf,8/13/2021,file\\\C:jOBqt.pdf
338,nISqC.pdf,5/31/2021,file\\\C:DlHzx.pdf
339,gXEmo.pdf,5/1/2022,file\\\C:iRFPl.pdf
340,CzZtQ.pdf,8/19/2021,file\\\C:sBItH.pdf
341,OmGbL.pdf,12/26/2021,file\\\C:GNpfe.pdf
342,oUygW.pdf,8/14/2021,file\\\C:whFPS.pdf
343,ZojXn.pdf,4/5/2022,file\\\C:MUVcj.pdf
344,YKBfp.pdf,11/13/2021,file\\\C:rzLFK.pdf
345,blJAy.pdf,4/15/2022,file\\\C:zOpZS.pdf
346,otycs.pdf,3/19/2022,file\\\C:iONWs.pdf
347,OeApy.pdf,12/15/2021,file\\\C:KMUEu.pdf
348,pMFQf.pdf,6/11/2021,file\\\C:OnkcL.pdf
349,geltb.pdf,12/3/2021,file\\\C:iyZXK.pdf
350,EAPxR.pdf,6/17/2021,file\\\C:qYcOd.pdf
351,mBNYJ.pdf,12/5/2021,file\\\C:zeGQv.pdf
352,hagRV.pdf,11/8/2021,file\\\C:RiWga.pdf
353,XfRTu.pdf,7/5/2021,file\\\C:amWiN.pdf
354,xUfSm.pdf,10/30/2021,file\\\C:DrGJg.pdf
355,zoLgI.pdf,11/20/2021,file\\\C:UxdXD.pdf
356,bMIhs.pdf,8/2/2021,file\\\C:XdLuB.pdf
357,WRYGt.pdf,9/25/2021,file\\\C:ssMPy.pdf
358,NcAnk.pdf,11/21/2021,file\\\C:zQLlV.pdf
359,CxzQw.pdf,5/25/2021,file\\\C:MIREx.pdf
360,epobI.pdf,11/12/2021,file\\\C:XCOzD.pdf
361,RmyTL.pdf,1/2/2022,file\\\C:ahdvw.pdf
362,gIWPm.pdf,10/22/2021,file\\\C:prmZg.pdf
363,feFnD.pdf,10/14/2021,file\\\C:xnsMk.pdf
364,OfnIH.pdf,7/15/2021,file\\\C:mbPkV.pdf
365,ADejN.pdf,3/19/2022,file\\\C:PHpts.pdf
366,IdQox.pdf,7/3/2021,file\\\C:gARzt.pdf
367,ATexq.pdf,12/4/2021,file\\\C:czVIU.pdf
368,QyAhq.pdf,4/27/2022,file\\\C:qCLrn.pdf
369,uWFRc.pdf,4/1/2022,file\\\C:fmFvO.pdf
370,QpmWF.pdf,3/19/2022,file\\\C:LJBGw.pdf
371,FsMxm.pdf,2/15/2022,file\\\C:OMmue.pdf
372,THbwd.pdf,2/12/2022,file\\\C:rmXJw.pdf
373,YrUao.pdf,3/24/2022,file\\\C:HPuGa.pdf
374,IJRab.pdf,5/4/2022,file\\\C:UCdVJ.pdf
375,LQjAM.pdf,6/2/2021,file\\\C:fAalg.pdf
376,GjZhd.pdf,5/25/2021,file\\\C:CowOC.pdf
377,UQNHM.pdf,7/21/2021,file\\\C:QXZtK.pdf
378,BcXGV.pdf,11/19/2021,file\\\C:xkRYs.pdf
379,fNYGd.pdf,7/15/2021,file\\\C:TOdPP.pdf
380,JlwOk.pdf,8/17/2021,file\\\C:lyzER.pdf
381,mcFau.pdf,1/15/2022,file\\\C:EhrCL.pdf
382,UOatW.pdf,12/10/2021,file\\\C:hlnoT.pdf
383,gdbyY.pdf,7/9/2021,file\\\C:LrMzo.pdf
384,sVJPq.pdf,7/25/2021,file\\\C:ERNmZ.pdf
385,CZvVe.pdf,9/1/2021,file\\\C:AyVOO.pdf
386,tDuoc.pdf,11/12/2021,file\\\C:cFErT.pdf
387,zxUJX.pdf,12/27/2021,file\\\C:oxTIq.pdf
388,fxOgY.pdf,5/2/2022,file\\\C:hkcGz.pdf
389,kIaAN.pdf,9/5/2021,file\\\C:mFUVf.pdf
390,EbDnO.pdf,1/4/2022,file\\\C:CzQyF.pdf
391,xIWlZ.pdf,11/16/2021,file\\\C:mkJfM.pdf
392,mWSXT.pdf,10/6/2021,file\\\C:PGipL.pdf
393,DSWwN.pdf,7/8/2021,file\\\C:xwdVK.pdf
394,kCOgK.pdf,9/9/2021,file\\\C:dtiwm.pdf
395,JyXeM.pdf,9/26/2021,file\\\C:cQMmN.pdf
396,Btkmy.pdf,1/7/2022,file\\\C:RdjOA.pdf
397,yZOCQ.pdf,12/26/2021,file\\\C:rnvPc.pdf
398,BKdDU.pdf,8/10/2021,file\\\C:JgeGn.pdf
399,SuUVs.pdf,3/25/2022,file\\\C:fCeRh.pdf
400,HhCVU.pdf,9/22/2021,file\\\C:fsOWA.pdf
401,xDRYu.pdf,4/29/2022,file\\\C:ZWFJO.pdf
402,mEorD.pdf,4/12/2022,file\\\C:VFCGO.pdf
403,lpYes.pdf,4/10/2022,file\\\C:zpUZZ.pdf
404,RrFAW.pdf,8/22/2021,file\\\C:VWDuc.pdf
405,ehfkE.pdf,12/9/2021,file\\\C:BZWse.pdf
406,kfjJT.pdf,10/7/2021,file\\\C:gxqBJ.pdf
407,mCsoh.pdf,3/25/2022,file\\\C:nTIbi.pdf
408,QJZmz.pdf,9/4/2021,file\\\C:fLgmd.pdf
409,XhIuW.pdf,11/5/2021,file\\\C:yVbYG.pdf
410,XTIhP.pdf,11/18/2021,file\\\C:qYPcs.pdf
411,DeqHp.pdf,5/31/2021,file\\\C:gnCAP.pdf
412,KDkUx.pdf,10/16/2021,file\\\C:ujkzW.pdf
413,WxkUS.pdf,1/27/2022,file\\\C:dRwQg.pdf
414,sWcdx.pdf,3/30/2022,file\\\C:tJdFx.pdf
415,oMxAH.pdf,12/15/2021,file\\\C:LZeDz.pdf
416,liqFQ.pdf,10/19/2021,file\\\C:FKlfj.pdf
417,ratWO.pdf,3/23/2022,file\\\C:AELKu.pdf
418,WLGdT.pdf,6/25/2021,file\\\C:LWDES.pdf
419,KiIgT.pdf,2/11/2022,file\\\C:WNEre.pdf
420,NnogG.pdf,9/12/2021,file\\\C:gNjPD.pdf
421,JVjmb.pdf,6/20/2021,file\\\C:lpwNb.pdf
422,kjPLd.pdf,10/3/2021,file\\\C:BkpaV.pdf
423,ZvsNS.pdf,2/22/2022,file\\\C:SZagV.pdf
424,dcqYS.pdf,9/21/2021,file\\\C:YDlWa.pdf
425,tFgZS.pdf,6/26/2021,file\\\C:GPjbt.pdf
426,RmpHb.pdf,1/9/2022,file\\\C:AXXGs.pdf
427,JyXeM.pdf,4/9/2022,file\\\C:NlBHE.pdf
428,QgSFm.pdf,1/29/2022,file\\\C:BXYLB.pdf
429,oLtaS.pdf,5/7/2022,file\\\C:diLwI.pdf
430,cnHJG.pdf,3/20/2022,file\\\C:xCgEY.pdf
431,RVydU.pdf,8/21/2021,file\\\C:KhlVr.pdf
432,daunQ.pdf,8/28/2021,file\\\C:YvjNa.pdf
433,qEWcZ.pdf,11/26/2021,file\\\C:IhpEB.pdf
434,HYdhP.pdf,3/31/2022,file\\\C:lwqem.pdf
435,WnsDA.pdf,10/13/2021,file\\\C:IqmIk.pdf
436,iFzEw.pdf,2/20/2022,file\\\C:nwwsC.pdf
437,fhFAv.pdf,1/10/2022,file\\\C:jjjAi.pdf
438,sinKB.pdf,11/6/2021,file\\\C:nOYmr.pdf
439,ZjGWa.pdf,12/23/2021,file\\\C:GkpQt.pdf
440,zqHLM.pdf,11/5/2021,file\\\C:otdvg.pdf
441,IROhv.pdf,3/25/2022,file\\\C:XwHZv.pdf
442,qKxvO.pdf,3/12/2022,file\\\C:xGCsM.pdf
443,oZXde.pdf,2/12/2022,file\\\C:ZctBn.pdf
444,yZOCQ.pdf,7/14/2021,file\\\C:fdGWL.pdf
445,QfwnN.pdf,4/14/2022,file\\\C:DJpGn.pdf
446,kXPMy.pdf,1/4/2022,file\\\C:csEbJ.pdf
447,PtQCg.pdf,9/1/2021,file\\\C:sMHpy.pdf
448,HpTDx.pdf,2/8/2022,file\\\C:SGSjb.pdf
449,zAJBv.pdf,6/5/2021,file\\\C:TUfTX.pdf
450,OpRyz.pdf,5/22/2021,file\\\C:tlexm.pdf
451,SvQUc.pdf,8/23/2021,file\\\C:JBpOB.pdf
452,tDGed.pdf,7/24/2021,file\\\C:IByvc.pdf
453,mugPW.pdf,9/4/2021,file\\\C:cZMOh.pdf
454,DSxuk.pdf,3/24/2022,file\\\C:aXdbZ.pdf
455,xiDPY.pdf,2/25/2022,file\\\C:ECBHZ.pdf
456,dgcpy.pdf,3/7/2022,file\\\C:EyFKk.pdf
457,qgGSN.pdf,8/16/2021,file\\\C:mARFv.pdf
458,fUkNP.pdf,6/11/2021,file\\\C:zMPXh.pdf
459,voVIe.pdf,5/17/2022,file\\\C:XppET.pdf
460,epobI.pdf,1/17/2022,file\\\C:mblQq.pdf
461,Newif.pdf,12/25/2021,file\\\C:BQSrr.pdf
462,wALVf.pdf,12/3/2021,file\\\C:IFQOR.pdf
463,JwSLY.pdf,12/28/2021,file\\\C:NCvWW.pdf
464,xcvWg.pdf,12/3/2021,file\\\C:UOdbg.pdf
465,rSvNY.pdf,3/9/2022,file\\\C:EBsvK.pdf
466,NlnMv.pdf,6/23/2021,file\\\C:tmmxA.pdf
467,iIfgS.pdf,12/24/2021,file\\\C:ZFyko.pdf
468,BNdAQ.pdf,9/19/2021,file\\\C:FDhrr.pdf
469,IQgxZ.pdf,5/13/2022,file\\\C:lqQop.pdf
470,QfwnN.pdf,12/7/2021,file\\\C:nICzX.pdf
471,Swhiz.pdf,11/6/2021,file\\\C:HGKCK.pdf
472,ElLXY.pdf,6/17/2021,file\\\C:nHXEV.pdf
473,EkYTU.pdf,5/23/2021,file\\\C:tZCPI.pdf
474,lRXQH.pdf,6/3/2021,file\\\C:YnrWs.pdf
475,YKBfp.pdf,5/6/2022,file\\\C:VcGcc.pdf
476,DyXJY.pdf,1/10/2022,file\\\C:Qvjpv.pdf
477,Lnlip.pdf,10/23/2021,file\\\C:EvpLd.pdf
478,TENVp.pdf,11/19/2021,file\\\C:tFocr.pdf
479,YDykx.pdf,5/15/2022,file\\\C:oaWOf.pdf
480,CbUpJ.pdf,12/4/2021,file\\\C:Yvpdy.pdf
481,aLdte.pdf,2/6/2022,file\\\C:bxcGw.pdf
482,hezkE.pdf,7/15/2021,file\\\C:PqnkP.pdf
483,geuNH.pdf,5/18/2022,file\\\C:KFGWa.pdf
484,DHLiI.pdf,8/6/2021,file\\\C:Ctilh.pdf
485,daxzI.pdf,10/31/2021,file\\\C:zfOvQ.pdf
486,ZswuH.pdf,11/13/2021,file\\\C:zkSFf.pdf
487,MBNHQ.pdf,5/19/2022,file\\\C:EhEok.pdf
488,FNbTx.pdf,11/7/2021,file\\\C:TADrR.pdf
489,ZKPoN.pdf,10/24/2021,file\\\C:XpqDO.pdf
490,xhsNE.pdf,10/2/2021,file\\\C:priGS.pdf
491,qlOVj.pdf,3/6/2022,file\\\C:vybBZ.pdf
492,YkpEQ.pdf,11/25/2021,file\\\C:SXTBA.pdf
493,VNZDW.pdf,11/26/2021,file\\\C:NtfxY.pdf
494,qKQek.pdf,3/11/2022,file\\\C:QOOqs.pdf
495,yIoWS.pdf,5/1/2022,file\\\C:pdOmD.pdf
496,dbqHG.pdf,8/3/2021,file\\\C:lCJUB.pdf
497,bANeq.pdf,10/30/2021,file\\\C:NfaSl.pdf
498,lvCHE.pdf,4/28/2022,file\\\C:MggdB.pdf
499,Gofry.pdf,11/7/2021,file\\\C:tyRWB.pdf
500,Clowf.pdf,11/16/2021,file\\\C:HuqUA.pdf
501,rkIln.pdf,4/13/2022,file\\\C:tEYnq.pdf
502,kCOgK.pdf,10/4/2021,file\\\C:LteAe.pdf
503,dNsFS.pdf,12/30/2021,file\\\C:LYRxG.pdf
504,rSdOy.pdf,7/6/2021,file\\\C:lGofH.pdf
505,WRxkm.pdf,4/27/2022,file\\\C:Drvyc.pdf
506,SuQKf.pdf,6/15/2021,file\\\C:vBorQ.pdf
507,BLYlZ.pdf,8/12/2021,file\\\C:yrIHX.pdf
508,fnatY.pdf,8/19/2021,file\\\C:wMiNy.pdf
509,gsCXW.pdf,1/31/2022,file\\\C:SVDuS.pdf
510,NlnMv.pdf,11/17/2021,file\\\C:FrKNA.pdf
511,FfQRm.pdf,2/24/2022,file\\\C:ppiJs.pdf
512,Lhwsj.pdf,10/13/2021,file\\\C:LSMPF.pdf
513,WhoIs.pdf,7/3/2021,file\\\C:QHPLL.pdf
514,IUdhO.pdf,6/2/2021,file\\\C:JGocs.pdf
515,tFgZS.pdf,8/23/2021,file\\\C:FmanS.pdf
516,JTSwj.pdf,7/27/2021,file\\\C:vAHUZ.pdf
517,BOrQv.pdf,1/25/2022,file\\\C:qvRBw.pdf
518,FAeTl.pdf,10/9/2021,file\\\C:jdtkJ.pdf
519,IiqZD.pdf,2/15/2022,file\\\C:slpJn.pdf
520,ZRNUa.pdf,10/31/2021,file\\\C:gujiu.pdf
521,kJqAj.pdf,7/12/2021,file\\\C:Gzsjv.pdf
522,rbLGF.pdf,11/16/2021,file\\\C:zUyzP.pdf
523,kIaAN.pdf,5/4/2022,file\\\C:jqWNr.pdf
524,zTqGD.pdf,10/18/2021,file\\\C:DKVTh.pdf
525,htrnF.pdf,2/24/2022,file\\\C:nYskr.pdf
526,NmVcG.pdf,3/30/2022,file\\\C:ZYKrU.pdf
527,ZjGWa.pdf,7/16/2021,file\\\C:KpOlK.pdf
528,VfSXA.pdf,5/13/2022,file\\\C:GXjQC.pdf
529,CDcpy.pdf,3/28/2022,file\\\C:cwpBP.pdf
530,lnFaT.pdf,5/10/2022,file\\\C:CWvzI.pdf
531,lSFtL.pdf,10/4/2021,file\\\C:PISgK.pdf
532,ugqDM.pdf,9/28/2021,file\\\C:OoBvo.pdf
533,LUxAY.pdf,4/19/2022,file\\\C:eVdSQ.pdf
534,rSvNY.pdf,9/13/2021,file\\\C:CESCQ.pdf
535,SdJaZ.pdf,9/7/2021,file\\\C:RhKpN.pdf
536,gQfux.pdf,12/28/2021,file\\\C:udKin.pdf
537,IKZBb.pdf,5/28/2021,file\\\C:yLGeR.pdf
538,xaPbk.pdf,3/9/2022,file\\\C:aUgHh.pdf
539,BdOsx.pdf,11/30/2021,file\\\C:qmMFQ.pdf
540,lkXjA.pdf,7/4/2021,file\\\C:gbSQk.pdf
541,LZxWO.pdf,2/23/2022,file\\\C:uypWJ.pdf
542,ulFBV.pdf,4/26/2022,file\\\C:dYele.pdf
543,sVdhp.pdf,6/26/2021,file\\\C:VIWLu.pdf
544,GsQym.pdf,2/15/2022,file\\\C:dAnoV.pdf
545,ruafS.pdf,6/30/2021,file\\\C:xVSFx.pdf
546,CvgaM.pdf,10/28/2021,file\\\C:UXJRp.pdf
547,dNDxp.pdf,3/26/2022,file\\\C:OsGpK.pdf
548,fUkNP.pdf,6/24/2021,file\\\C:uDMdO.pdf
549,feoqV.pdf,4/12/2022,file\\\C:ESjhE.pdf
550,pkbZg.pdf,7/26/2021,file\\\C:qGybS.pdf
551,HYdhP.pdf,4/14/2022,file\\\C:fbrBl.pdf
552,YmSnL.pdf,3/14/2022,file\\\C:COYYn.pdf
553,FUefi.pdf,6/1/2021,file\\\C:ugDuI.pdf
554,kSxAg.pdf,7/4/2021,file\\\C:BnSAN.pdf
555,oiZWP.pdf,2/11/2022,file\\\C:isWfd.pdf
556,PuBhw.pdf,12/9/2021,file\\\C:ACMhD.pdf
557,tNvsl.pdf,4/25/2022,file\\\C:ZFRto.pdf
558,hstky.pdf,6/8/2021,file\\\C:mJayw.pdf
559,bMIhs.pdf,9/12/2021,file\\\C:xqiOn.pdf
560,CwTVm.pdf,3/12/2022,file\\\C:AvFcm.pdf
561,wcaPm.pdf,11/20/2021,file\\\C:HUQfn.pdf
562,YhlWL.pdf,4/16/2022,file\\\C:NNDlY.pdf
563,BzTuy.pdf,3/26/2022,file\\\C:uPSYR.pdf
564,aryhk.pdf,12/18/2021,file\\\C:lIODu.pdf
565,EeMSb.pdf,3/21/2022,file\\\C:lBfyV.pdf
566,gtuFx.pdf,11/30/2021,file\\\C:hXIVb.pdf
567,xIaSh.pdf,2/8/2022,file\\\C:PjPft.pdf
568,rkIln.pdf,4/1/2022,file\\\C:vjgad.pdf
569,XwvIC.pdf,11/2/2021,file\\\C:rRSgd.pdf
570,uKOYq.pdf,11/17/2021,file\\\C:SKYIl.pdf
571,MuKGL.pdf,11/27/2021,file\\\C:dHCYy.pdf
572,UQNHM.pdf,1/21/2022,file\\\C:LCiMu.pdf
573,zoLgI.pdf,6/4/2021,file\\\C:oIUJt.pdf
574,KiIgT.pdf,7/12/2021,file\\\C:GlfYH.pdf
575,HEqNu.pdf,4/30/2022,file\\\C:Ezyja.pdf
576,mvMAR.pdf,8/19/2021,file\\\C:GvafI.pdf
577,LftNV.pdf,11/18/2021,file\\\C:BxCWI.pdf
578,lHGOs.pdf,1/8/2022,file\\\C:imUcS.pdf
579,IsMQD.pdf,4/8/2022,file\\\C:COCJG.pdf
580,cwiXS.pdf,8/13/2021,file\\\C:YETKE.pdf
581,ijmTF.pdf,6/28/2021,file\\\C:DBPkU.pdf
582,WLGdT.pdf,1/5/2022,file\\\C:ccukI.pdf
583,QoOhe.pdf,6/17/2021,file\\\C:DJBEt.pdf
584,Swhiz.pdf,4/4/2022,file\\\C:IsOdQ.pdf
585,rbLGF.pdf,11/26/2021,file\\\C:AYilr.pdf
586,CzZtQ.pdf,11/5/2021,file\\\C:yrkcM.pdf
587,VTptR.pdf,9/2/2021,file\\\C:pmuOV.pdf
588,xuNWI.pdf,10/10/2021,file\\\C:IEFKS.pdf
589,tgvPw.pdf,10/11/2021,file\\\C:fxziZ.pdf
590,hbmfj.pdf,5/8/2022,file\\\C:WyrRs.pdf
591,JozaB.pdf,7/8/2021,file\\\C:CQutX.pdf
592,xaPbk.pdf,9/19/2021,file\\\C:HZkUK.pdf
593,ulFBV.pdf,10/26/2021,file\\\C:ghuMv.pdf
594,AtMcO.pdf,10/11/2021,file\\\C:CHycg.pdf
595,CZvVe.pdf,2/12/2022,file\\\C:MWYWF.pdf
596,kyIRL.pdf,11/12/2021,file\\\C:vfZyt.pdf
597,Zwkdl.pdf,12/6/2021,file\\\C:ONvCE.pdf
598,xgyEO.pdf,10/5/2021,file\\\C:wvuDj.pdf
599,lQrZm.pdf,9/15/2021,file\\\C:aBOrP.pdf
600,hFvCI.pdf,5/31/2021,file\\\C:XvZnC.pdf
601,ezTSh.pdf,3/2/2022,file\\\C:fbrBl.pdf
602,POLdZ.pdf,6/21/2021,file\\\C:COYYn.pdf
603,Ugqzw.pdf,5/6/2022,file\\\C:ugDuI.pdf
604,JgAij.pdf,12/3/2021,file\\\C:BnSAN.pdf
605,qiwRU.pdf,1/9/2022,file\\\C:isWfd.pdf
606,gXEmo.pdf,12/15/2021,file\\\C:ACMhD.pdf
607,QTCPn.pdf,2/14/2022,file\\\C:ZFRto.pdf
608,xVmqg.pdf,4/22/2022,file\\\C:mJayw.pdf
609,KosfX.pdf,7/1/2021,file\\\C:xqiOn.pdf
610,wGKPx.pdf,12/20/2021,file\\\C:AvFcm.pdf
611,VTptR.pdf,10/11/2021,file\\\C:HUQfn.pdf
612,qyKoQ.pdf,11/6/2021,file\\\C:NNDlY.pdf
613,AWXqH.pdf,1/24/2022,file\\\C:uPSYR.pdf
614,XrxpO.pdf,11/28/2021,file\\\C:lIODu.pdf
615,OchDb.pdf,3/5/2022,file\\\C:lBfyV.pdf
616,qFQir.pdf,8/25/2021,file\\\C:hXIVb.pdf
617,Jcijv.pdf,1/4/2022,file\\\C:PjPft.pdf
618,KeaTN.pdf,7/7/2021,file\\\C:vjgad.pdf
619,OeRkr.pdf,5/18/2022,file\\\C:rRSgd.pdf
620,qOGXe.pdf,4/4/2022,file\\\C:SKYIl.pdf
621,DTBlE.pdf,12/14/2021,file\\\C:dHCYy.pdf
622,SdJaZ.pdf,12/6/2021,file\\\C:LCiMu.pdf
623,IKZBb.pdf,1/15/2022,file\\\C:oIUJt.pdf
624,Btkmy.pdf,8/24/2021,file\\\C:GlfYH.pdf
625,Frhfx.pdf,12/27/2021,file\\\C:Ezyja.pdf
626,poGil.pdf,12/11/2021,file\\\C:GvafI.pdf
627,dmWzO.pdf,4/20/2022,file\\\C:BxCWI.pdf
628,QbAsJ.pdf,9/26/2021,file\\\C:imUcS.pdf
629,lBUfI.pdf,4/24/2022,file\\\C:COCJG.pdf
630,XOzpG.pdf,12/14/2021,file\\\C:YETKE.pdf
631,yIpKx.pdf,7/5/2021,file\\\C:DBPkU.pdf
632,glsim.pdf,7/26/2021,file\\\C:ccukI.pdf
633,vrFKM.pdf,8/3/2021,file\\\C:DJBEt.pdf
634,Phmcs.pdf,2/14/2022,file\\\C:IsOdQ.pdf
635,vfPxT.pdf,3/6/2022,file\\\C:AYilr.pdf
636,ZYopP.pdf,9/12/2021,file\\\C:yrkcM.pdf
637,REnor.pdf,4/21/2022,file\\\C:pmuOV.pdf
638,ratWO.pdf,11/20/2021,file\\\C:IEFKS.pdf
639,cAiYe.pdf,5/25/2021,file\\\C:fxziZ.pdf
640,JVjmb.pdf,12/31/2021,file\\\C:WyrRs.pdf
641,iCdIa.pdf,7/5/2021,file\\\C:CQutX.pdf
642,yIoWS.pdf,11/10/2021,file\\\C:HZkUK.pdf
643,jovEu.pdf,12/23/2021,file\\\C:ghuMv.pdf
644,UyexX.pdf,7/7/2021,file\\\C:CHycg.pdf
645,kHXSg.pdf,4/6/2022,file\\\C:MWYWF.pdf
646,JwSLY.pdf,11/21/2021,file\\\C:vfZyt.pdf
647,PxvbV.pdf,12/4/2021,file\\\C:ONvCE.pdf
648,gNXmL.pdf,4/27/2022,file\\\C:wvuDj.pdf
649,qKQek.pdf,4/20/2022,file\\\C:aBOrP.pdf
650,oMxAH.pdf,5/31/2021,file\\\C:XvZnC.pdf
651,IoOWV.pdf,1/15/2022,file\\\C:fbrBl.pdf
652,Khvbs.pdf,8/28/2021,file\\\C:COYYn.pdf
653,VDZoQ.pdf,3/24/2022,file\\\C:ugDuI.pdf
654,LFbZY.pdf,4/8/2022,file\\\C:BnSAN.pdf
655,ibPUX.pdf,12/1/2021,file\\\C:isWfd.pdf
656,acvdB.pdf,8/2/2021,file\\\C:ACMhD.pdf
657,ADejN.pdf,7/21/2021,file\\\C:ZFRto.pdf
658,vzSdr.pdf,5/2/2022,file\\\C:mJayw.pdf
659,lNqSg.pdf,2/17/2022,file\\\C:xqiOn.pdf
660,aBztw.pdf,6/14/2021,file\\\C:AvFcm.pdf
661,mWSXT.pdf,12/24/2021,file\\\C:HUQfn.pdf
662,XTtSc.pdf,11/17/2021,file\\\C:NNDlY.pdf
663,Swhiz.pdf,7/10/2021,file\\\C:uPSYR.pdf
664,pBsjv.pdf,8/30/2021,file\\\C:lIODu.pdf
665,Kufyg.pdf,6/14/2021,file\\\C:lBfyV.pdf
666,qpGcb.pdf,1/24/2022,file\\\C:hXIVb.pdf
667,KYvJg.pdf,11/17/2021,file\\\C:PjPft.pdf
668,PIQSR.pdf,7/26/2021,file\\\C:vjgad.pdf
669,nRwBd.pdf,12/25/2021,file\\\C:rRSgd.pdf
670,daunQ.pdf,8/22/2021,file\\\C:SKYIl.pdf
671,jYGJD.pdf,7/28/2021,file\\\C:dHCYy.pdf
672,KInXx.pdf,9/18/2021,file\\\C:LCiMu.pdf
673,Vrmzj.pdf,6/22/2021,file\\\C:oIUJt.pdf
674,cYhzD.pdf,9/17/2021,file\\\C:GlfYH.pdf
675,YWfMF.pdf,6/9/2021,file\\\C:Ezyja.pdf
676,BfNgk.pdf,2/21/2022,file\\\C:GvafI.pdf
677,sVJPq.pdf,8/28/2021,file\\\C:BxCWI.pdf
678,xuNWI.pdf,10/17/2021,file\\\C:imUcS.pdf
679,XytWR.pdf,5/1/2022,file\\\C:COCJG.pdf
680,LjhMm.pdf,7/2/2021,file\\\C:YETKE.pdf
681,EdZCf.pdf,10/16/2021,file\\\C:DBPkU.pdf
682,DTBlE.pdf,11/12/2021,file\\\C:ccukI.pdf
683,hezkE.pdf,9/12/2021,file\\\C:DJBEt.pdf
684,RlJzK.pdf,8/26/2021,file\\\C:IsOdQ.pdf
685,HhCVU.pdf,4/23/2022,file\\\C:AYilr.pdf
686,HCVgj.pdf,9/26/2021,file\\\C:yrkcM.pdf
687,YkpEQ.pdf,10/17/2021,file\\\C:pmuOV.pdf
688,IyuLV.pdf,6/18/2021,file\\\C:IEFKS.pdf
689,IbsGC.pdf,1/4/2022,file\\\C:fxziZ.pdf
690,WKjND.pdf,7/29/2021,file\\\C:WyrRs.pdf
691,hQfdW.pdf,7/23/2021,file\\\C:CQutX.pdf
692,nGZqK.pdf,5/30/2021,file\\\C:HZkUK.pdf
693,hOZgV.pdf,8/22/2021,file\\\C:ghuMv.pdf
694,EkYTU.pdf,3/6/2022,file\\\C:CHycg.pdf
695,lSFtL.pdf,8/5/2021,file\\\C:MWYWF.pdf
696,RrFAW.pdf,11/1/2021,file\\\C:vfZyt.pdf
697,JTSwj.pdf,2/15/2022,file\\\C:ONvCE.pdf
698,CYsDo.pdf,2/1/2022,file\\\C:wvuDj.pdf
699,mKNqf.pdf,3/28/2022,file\\\C:aBOrP.pdf
700,wtXmx.pdf,12/17/2021,file\\\C:XvZnC.pdf
701,PthaJ.pdf,9/26/2021,file\\\C:fbrBl.pdf
702,ZyFdw.pdf,2/17/2022,file\\\C:COYYn.pdf
703,VHfWy.pdf,9/9/2021,file\\\C:ugDuI.pdf
704,GvdhF.pdf,5/13/2022,file\\\C:BnSAN.pdf
705,ebUkw.pdf,5/25/2021,file\\\C:isWfd.pdf
706,ChWAB.pdf,1/26/2022,file\\\C:ACMhD.pdf
707,ZMSEU.pdf,8/10/2021,file\\\C:ZFRto.pdf
708,kSxAg.pdf,6/9/2021,file\\\C:mJayw.pdf
709,WTigm.pdf,7/21/2021,file\\\C:xqiOn.pdf
710,LgFHh.pdf,5/19/2022,file\\\C:AvFcm.pdf
711,CwTVm.pdf,7/25/2021,file\\\C:HUQfn.pdf
712,QufIU.pdf,2/14/2022,file\\\C:NNDlY.pdf
713,CdBoN.pdf,12/4/2021,file\\\C:uPSYR.pdf
714,QUPnD.pdf,4/10/2022,file\\\C:lIODu.pdf
715,hOZgV.pdf,9/28/2021,file\\\C:lBfyV.pdf
716,EkYTU.pdf,1/27/2022,file\\\C:hXIVb.pdf
717,UZVHc.pdf,9/26/2021,file\\\C:PjPft.pdf
718,eXDRM.pdf,7/30/2021,file\\\C:vjgad.pdf
719,AKCSv.pdf,4/14/2022,file\\\C:rRSgd.pdf
720,yfBiK.pdf,11/1/2021,file\\\C:SKYIl.pdf
721,WrjIk.pdf,3/13/2022,file\\\C:dHCYy.pdf
722,Ajqom.pdf,12/18/2021,file\\\C:LCiMu.pdf
723,dJGWl.pdf,10/20/2021,file\\\C:oIUJt.pdf
724,izfGc.pdf,4/6/2022,file\\\C:GlfYH.pdf
725,tagGK.pdf,6/23/2021,file\\\C:Ezyja.pdf
726,JESKj.pdf,3/14/2022,file\\\C:GvafI.pdf
727,gjiFx.pdf,5/15/2022,file\\\C:BxCWI.pdf
728,uZIWE.pdf,7/12/2021,file\\\C:imUcS.pdf
729,fTxoA.pdf,3/4/2022,file\\\C:COCJG.pdf
730,Lphku.pdf,4/2/2022,file\\\C:YETKE.pdf
731,MopjZ.pdf,4/5/2022,file\\\C:DBPkU.pdf
732,qMjIX.pdf,7/6/2021,file\\\C:ccukI.pdf
733,yCMfN.pdf,2/24/2022,file\\\C:DJBEt.pdf
734,DTBlE.pdf,1/4/2022,file\\\C:IsOdQ.pdf
735,ilGdI.pdf,9/23/2021,file\\\C:AYilr.pdf
736,IdQox.pdf,10/29/2021,file\\\C:yrkcM.pdf
737,QFPRN.pdf,4/1/2022,file\\\C:pmuOV.pdf
738,OfnIH.pdf,2/26/2022,file\\\C:IEFKS.pdf
739,NVAIh.pdf,4/20/2022,file\\\C:fxziZ.pdf
740,CYsDo.pdf,5/3/2022,file\\\C:WyrRs.pdf
741,XxIbk.pdf,1/7/2022,file\\\C:CQutX.pdf
742,xwhLt.pdf,9/15/2021,file\\\C:HZkUK.pdf
743,BOrQv.pdf,8/31/2021,file\\\C:ghuMv.pdf
744,oqhPM.pdf,10/1/2021,file\\\C:CHycg.pdf
745,WLJCY.pdf,7/29/2021,file\\\C:MWYWF.pdf
746,qKxvO.pdf,3/10/2022,file\\\C:vfZyt.pdf
747,xaPbk.pdf,9/1/2021,file\\\C:ONvCE.pdf
748,jMTeY.pdf,9/10/2021,file\\\C:wvuDj.pdf
749,WldMI.pdf,2/10/2022,file\\\C:aBOrP.pdf
750,VCBsO.pdf,4/5/2022,file\\\C:XvZnC.pdf
751,rwAFZ.pdf,6/2/2021,file\\\C:fbrBl.pdf
752,hUmvk.pdf,5/6/2022,file\\\C:COYYn.pdf
753,QGsJd.pdf,5/12/2022,file\\\C:ugDuI.pdf
754,jKdCH.pdf,11/28/2021,file\\\C:BnSAN.pdf
755,wAJbe.pdf,10/8/2021,file\\\C:isWfd.pdf
756,LUxAY.pdf,6/28/2021,file\\\C:ACMhD.pdf
757,IdQox.pdf,11/17/2021,file\\\C:ZFRto.pdf
758,munZX.pdf,8/15/2021,file\\\C:mJayw.pdf
759,rSdOy.pdf,3/22/2022,file\\\C:xqiOn.pdf
760,ZGiWf.pdf,4/17/2022,file\\\C:AvFcm.pdf
761,XfRTu.pdf,8/27/2021,file\\\C:HUQfn.pdf
762,LhKlo.pdf,6/14/2021,file\\\C:NNDlY.pdf
763,qvDQl.pdf,12/2/2021,file\\\C:uPSYR.pdf
764,jzgYd.pdf,6/9/2021,file\\\C:lIODu.pdf
765,pxVZX.pdf,12/16/2021,file\\\C:lBfyV.pdf
766,OSxcC.pdf,12/22/2021,file\\\C:hXIVb.pdf
767,pXdaY.pdf,5/27/2021,file\\\C:PjPft.pdf
768,pKWEt.pdf,4/29/2022,file\\\C:vjgad.pdf
769,qfKpd.pdf,4/17/2022,file\\\C:rRSgd.pdf
770,daxzI.pdf,10/30/2021,file\\\C:SKYIl.pdf
771,ybJIt.pdf,4/18/2022,file\\\C:dHCYy.pdf
772,BHIKn.pdf,11/6/2021,file\\\C:LCiMu.pdf
773,eawMd.pdf,3/15/2022,file\\\C:oIUJt.pdf
774,pMFQf.pdf,5/1/2022,file\\\C:GlfYH.pdf
775,lAjrI.pdf,8/5/2021,file\\\C:Ezyja.pdf
776,YmSnL.pdf,3/22/2022,file\\\C:GvafI.pdf
777,pJGRh.pdf,4/11/2022,file\\\C:BxCWI.pdf
778,bjQeT.pdf,2/7/2022,file\\\C:imUcS.pdf
779,lyaoZ.pdf,7/17/2021,file\\\C:COCJG.pdf
780,NZXQU.pdf,12/2/2021,file\\\C:YETKE.pdf
781,XVzhK.pdf,1/10/2022,file\\\C:DBPkU.pdf
782,sZlzo.pdf,5/17/2022,file\\\C:ccukI.pdf
783,DXQOj.pdf,8/23/2021,file\\\C:DJBEt.pdf
784,LFbZY.pdf,9/23/2021,file\\\C:IsOdQ.pdf
785,ZojXn.pdf,10/12/2021,file\\\C:AYilr.pdf
786,HCVgj.pdf,8/25/2021,file\\\C:yrkcM.pdf
787,hVZyk.pdf,4/19/2022,file\\\C:pmuOV.pdf
788,HJUKD.pdf,6/3/2021,file\\\C:IEFKS.pdf
789,FsMxm.pdf,2/25/2022,file\\\C:fxziZ.pdf
790,eVMZz.pdf,4/27/2022,file\\\C:WyrRs.pdf
791,cuBdj.pdf,8/18/2021,file\\\C:CQutX.pdf
792,RkmKf.pdf,4/9/2022,file\\\C:HZkUK.pdf
793,VKwRr.pdf,2/21/2022,file\\\C:ghuMv.pdf
794,JwFsl.pdf,2/21/2022,file\\\C:CHycg.pdf
795,qCrlu.pdf,4/1/2022,file\\\C:MWYWF.pdf
796,EdZCf.pdf,4/21/2022,file\\\C:vfZyt.pdf
797,caiUs.pdf,11/2/2021,file\\\C:ONvCE.pdf
798,aoySP.pdf,6/9/2021,file\\\C:wvuDj.pdf
799,YmDlp.pdf,2/12/2022,file\\\C:aBOrP.pdf
800,qEWcZ.pdf,12/3/2021,file\\\C:XvZnC.pdf
801,jzXOf.pdf,8/15/2021,file\\\C:fbrBl.pdf
802,hbmfj.pdf,1/18/2022,file\\\C:COYYn.pdf
803,WFgdl.pdf,5/28/2021,file\\\C:ugDuI.pdf
804,FUefi.pdf,11/23/2021,file\\\C:BnSAN.pdf
805,SoxBC.pdf,10/18/2021,file\\\C:isWfd.pdf
806,DXQOj.pdf,11/14/2021,file\\\C:ACMhD.pdf
807,AovEx.pdf,4/24/2022,file\\\C:ZFRto.pdf
808,gjiFx.pdf,8/12/2021,file\\\C:mJayw.pdf
809,hNUAc.pdf,10/8/2021,file\\\C:xqiOn.pdf
810,zxUJX.pdf,2/9/2022,file\\\C:AvFcm.pdf
811,ybJIt.pdf,1/29/2022,file\\\C:HUQfn.pdf
812,aCrOV.pdf,12/17/2021,file\\\C:NNDlY.pdf
813,Yoepu.pdf,5/9/2022,file\\\C:uPSYR.pdf
814,yIpKx.pdf,2/26/2022,file\\\C:lIODu.pdf
815,PFKtv.pdf,6/14/2021,file\\\C:lBfyV.pdf
816,xSoCi.pdf,10/2/2021,file\\\C:hXIVb.pdf
817,MjRFy.pdf,12/31/2021,file\\\C:PjPft.pdf
818,xIWlZ.pdf,2/25/2022,file\\\C:vjgad.pdf
819,vXICd.pdf,2/8/2022,file\\\C:rRSgd.pdf
820,HIWOd.pdf,12/27/2021,file\\\C:SKYIl.pdf
821,jovEu.pdf,9/29/2021,file\\\C:dHCYy.pdf
822,zmtcn.pdf,10/17/2021,file\\\C:LCiMu.pdf
823,QqfnX.pdf,11/22/2021,file\\\C:oIUJt.pdf
824,yluUK.pdf,7/24/2021,file\\\C:GlfYH.pdf
825,ghcDG.pdf,7/2/2021,file\\\C:Ezyja.pdf
826,cuBdj.pdf,7/27/2021,file\\\C:GvafI.pdf
827,Ugqzw.pdf,12/8/2021,file\\\C:BxCWI.pdf
828,KzEtN.pdf,1/12/2022,file\\\C:imUcS.pdf
829,WRxkm.pdf,3/31/2022,file\\\C:COCJG.pdf
830,rkqmp.pdf,1/5/2022,file\\\C:YETKE.pdf
831,OapWz.pdf,2/22/2022,file\\\C:DBPkU.pdf
832,HJUKD.pdf,1/29/2022,file\\\C:ccukI.pdf
833,YrUao.pdf,10/14/2021,file\\\C:DJBEt.pdf
834,QUPnD.pdf,3/31/2022,file\\\C:IsOdQ.pdf
835,rkXRu.pdf,1/10/2022,file\\\C:AYilr.pdf
836,fnatY.pdf,12/2/2021,file\\\C:yrkcM.pdf
837,WKjND.pdf,3/12/2022,file\\\C:pmuOV.pdf
838,nyZsO.pdf,8/16/2021,file\\\C:IEFKS.pdf
839,SKbgo.pdf,4/18/2022,file\\\C:fxziZ.pdf
840,zqHLM.pdf,4/9/2022,file\\\C:WyrRs.pdf
841,qOGXe.pdf,3/11/2022,file\\\C:CQutX.pdf
842,lopVx.pdf,2/20/2022,file\\\C:HZkUK.pdf
843,hsCES.pdf,9/8/2021,file\\\C:ghuMv.pdf
844,marVb.pdf,4/10/2022,file\\\C:CHycg.pdf
845,Lphku.pdf,4/25/2022,file\\\C:MWYWF.pdf
846,VgoJK.pdf,2/2/2022,file\\\C:vfZyt.pdf
847,JyXeM.pdf,3/29/2022,file\\\C:ONvCE.pdf
848,mKSxf.pdf,5/5/2022,file\\\C:wvuDj.pdf
849,lsIJx.pdf,10/12/2021,file\\\C:aBOrP.pdf
850,IUdhO.pdf,2/12/2022,file\\\C:XvZnC.pdf
851,IbsGC.pdf,11/15/2021,file\\\C:fbrBl.pdf
852,EkYTU.pdf,3/24/2022,file\\\C:COYYn.pdf
853,tsLiS.pdf,4/26/2022,file\\\C:ugDuI.pdf
854,gLYOe.pdf,1/8/2022,file\\\C:BnSAN.pdf
855,ZdyTq.pdf,9/16/2021,file\\\C:isWfd.pdf
856,jvSAQ.pdf,6/2/2021,file\\\C:ACMhD.pdf
857,THbwd.pdf,3/11/2022,file\\\C:ZFRto.pdf
858,VWXRb.pdf,12/17/2021,file\\\C:mJayw.pdf
859,Icuat.pdf,11/27/2021,file\\\C:xqiOn.pdf
860,liqFQ.pdf,12/5/2021,file\\\C:AvFcm.pdf
861,CvxFw.pdf,3/20/2022,file\\\C:HUQfn.pdf
862,xiDPY.pdf,6/20/2021,file\\\C:NNDlY.pdf
863,KsMUr.pdf,6/14/2021,file\\\C:uPSYR.pdf
864,ckEsP.pdf,1/6/2022,file\\\C:lIODu.pdf
865,FHrXD.pdf,1/14/2022,file\\\C:lBfyV.pdf
866,WldMI.pdf,2/3/2022,file\\\C:hXIVb.pdf
867,jWbDF.pdf,2/16/2022,file\\\C:PjPft.pdf
868,bWEqI.pdf,6/26/2021,file\\\C:vjgad.pdf
869,nNvZR.pdf,8/13/2021,file\\\C:rRSgd.pdf
870,MIAiC.pdf,7/6/2021,file\\\C:SKYIl.pdf
871,QGUbJ.pdf,2/24/2022,file\\\C:dHCYy.pdf
872,QuyoN.pdf,5/14/2022,file\\\C:LCiMu.pdf
873,IhGqL.pdf,5/24/2021,file\\\C:oIUJt.pdf
874,iVKqY.pdf,3/16/2022,file\\\C:GlfYH.pdf
875,wcaPm.pdf,7/9/2021,file\\\C:Ezyja.pdf
876,GLYlV.pdf,8/2/2021,file\\\C:GvafI.pdf
877,KInXx.pdf,1/3/2022,file\\\C:BxCWI.pdf
878,pMFQf.pdf,12/18/2021,file\\\C:imUcS.pdf
879,XhIuW.pdf,3/5/2022,file\\\C:COCJG.pdf
880,dVUFm.pdf,1/22/2022,file\\\C:YETKE.pdf
881,itxUs.pdf,3/8/2022,file\\\C:DBPkU.pdf
882,mTGCo.pdf,5/2/2022,file\\\C:ccukI.pdf
883,FtcVv.pdf,2/9/2022,file\\\C:DJBEt.pdf
884,JYBwU.pdf,1/25/2022,file\\\C:IsOdQ.pdf
885,QWPYI.pdf,7/11/2021,file\\\C:AYilr.pdf
886,GFtJi.pdf,1/27/2022,file\\\C:yrkcM.pdf
887,yRePM.pdf,11/26/2021,file\\\C:pmuOV.pdf
888,LJsHP.pdf,7/27/2021,file\\\C:IEFKS.pdf
889,pKWEt.pdf,12/1/2021,file\\\C:fxziZ.pdf
890,wAJbe.pdf,4/8/2022,file\\\C:WyrRs.pdf
891,FUefi.pdf,4/19/2022,file\\\C:CQutX.pdf
892,ulFBV.pdf,6/12/2021,file\\\C:HZkUK.pdf
893,lSFtL.pdf,12/27/2021,file\\\C:ghuMv.pdf
894,Gvwsd.pdf,8/25/2021,file\\\C:CHycg.pdf
895,IyuLV.pdf,3/12/2022,file\\\C:MWYWF.pdf
896,NRbdQ.pdf,7/2/2021,file\\\C:vfZyt.pdf
897,IFgPo.pdf,5/10/2022,file\\\C:ONvCE.pdf
898,oLrXl.pdf,10/26/2021,file\\\C:wvuDj.pdf
899,BLYlZ.pdf,7/25/2021,file\\\C:aBOrP.pdf
900,TPeqg.pdf,12/8/2021,file\\\C:XvZnC.pdf
901,OAqah.pdf,2/14/2022,file\\\C:fbrBl.pdf
902,STlAs.pdf,3/11/2022,file\\\C:COYYn.pdf
903,TENVp.pdf,9/8/2021,file\\\C:ugDuI.pdf
904,YmDlp.pdf,1/23/2022,file\\\C:BnSAN.pdf
905,QFPRN.pdf,8/12/2021,file\\\C:isWfd.pdf
906,AjFwv.pdf,2/10/2022,file\\\C:ACMhD.pdf
907,NfBRO.pdf,8/8/2021,file\\\C:ZFRto.pdf
908,fxOgY.pdf,2/2/2022,file\\\C:mJayw.pdf
909,oZXde.pdf,5/9/2022,file\\\C:xqiOn.pdf
910,oqhPM.pdf,8/20/2021,file\\\C:AvFcm.pdf
911,lBUfI.pdf,9/27/2021,file\\\C:HUQfn.pdf
912,OpRyz.pdf,8/22/2021,file\\\C:NNDlY.pdf
913,RYZnr.pdf,7/8/2021,file\\\C:uPSYR.pdf
914,vcXgr.pdf,8/24/2021,file\\\C:lIODu.pdf
915,QLxYs.pdf,5/31/2021,file\\\C:lBfyV.pdf
916,XTIhP.pdf,1/5/2022,file\\\C:hXIVb.pdf
917,MnfEq.pdf,12/28/2021,file\\\C:PjPft.pdf
918,wAJbe.pdf,6/19/2021,file\\\C:vjgad.pdf
919,xIaSh.pdf,12/9/2021,file\\\C:rRSgd.pdf
920,mWSXT.pdf,7/31/2021,file\\\C:SKYIl.pdf
921,DWNuE.pdf,6/19/2021,file\\\C:dHCYy.pdf
922,ZnxhX.pdf,4/25/2022,file\\\C:LCiMu.pdf
923,sVOoW.pdf,3/31/2022,file\\\C:oIUJt.pdf
924,pBsjv.pdf,2/22/2022,file\\\C:GlfYH.pdf
925,BDgVF.pdf,5/12/2022,file\\\C:Ezyja.pdf
926,SmsJE.pdf,6/5/2021,file\\\C:GvafI.pdf
927,PuBhw.pdf,11/9/2021,file\\\C:BxCWI.pdf
928,NoArx.pdf,1/22/2022,file\\\C:imUcS.pdf
929,uWFRc.pdf,11/28/2021,file\\\C:COCJG.pdf
930,jKdCH.pdf,1/26/2022,file\\\C:YETKE.pdf
931,caiUs.pdf,6/10/2021,file\\\C:DBPkU.pdf
932,xhsNE.pdf,5/26/2021,file\\\C:ccukI.pdf
933,QqfnX.pdf,9/30/2021,file\\\C:DJBEt.pdf
934,tldmH.pdf,12/27/2021,file\\\C:IsOdQ.pdf
935,gQfux.pdf,5/18/2022,file\\\C:AYilr.pdf
936,pKWEt.pdf,9/21/2021,file\\\C:yrkcM.pdf
937,mEfBR.pdf,10/22/2021,file\\\C:pmuOV.pdf
938,tgVDS.pdf,8/20/2021,file\\\C:IEFKS.pdf
939,QDRzx.pdf,9/1/2021,file\\\C:fxziZ.pdf
940,kiOfx.pdf,3/3/2022,file\\\C:WyrRs.pdf
941,gIWPm.pdf,4/12/2022,file\\\C:CQutX.pdf
942,WvBaD.pdf,8/4/2021,file\\\C:HZkUK.pdf
943,JwSLY.pdf,2/20/2022,file\\\C:ghuMv.pdf
944,SijvF.pdf,6/19/2021,file\\\C:CHycg.pdf
945,PtQCg.pdf,6/4/2021,file\\\C:MWYWF.pdf
946,rxcUm.pdf,11/16/2021,file\\\C:vfZyt.pdf
947,cAiYe.pdf,2/7/2022,file\\\C:ONvCE.pdf
948,hyZYb.pdf,5/9/2022,file\\\C:wvuDj.pdf
949,HRwVt.pdf,4/22/2022,file\\\C:aBOrP.pdf
950,cwiXS.pdf,6/22/2021,file\\\C:XvZnC.pdf
951,iBbyz.pdf,6/25/2021,file\\\C:fbrBl.pdf
952,Gvwnl.pdf,4/28/2022,file\\\C:COYYn.pdf
953,uYQFR.pdf,11/11/2021,file\\\C:ugDuI.pdf
954,RVydU.pdf,5/9/2022,file\\\C:BnSAN.pdf
955,kSxAg.pdf,7/23/2021,file\\\C:isWfd.pdf
956,vOpVt.pdf,6/12/2021,file\\\C:ACMhD.pdf
957,erpZc.pdf,9/2/2021,file\\\C:ZFRto.pdf
958,RYZnr.pdf,11/2/2021,file\\\C:mJayw.pdf
959,cCXWN.pdf,7/23/2021,file\\\C:xqiOn.pdf
960,CvgaM.pdf,2/16/2022,file\\\C:AvFcm.pdf
961,kJVqt.pdf,3/15/2022,file\\\C:HUQfn.pdf
962,ObGvM.pdf,11/15/2021,file\\\C:NNDlY.pdf
963,THbwd.pdf,5/2/2022,file\\\C:uPSYR.pdf
964,KYvJg.pdf,11/15/2021,file\\\C:lIODu.pdf
965,PMQWY.pdf,5/31/2021,file\\\C:lBfyV.pdf
966,tZxvP.pdf,3/1/2022,file\\\C:hXIVb.pdf
967,sVJPq.pdf,2/17/2022,file\\\C:PjPft.pdf
968,EbDnO.pdf,7/21/2021,file\\\C:vjgad.pdf
969,cqJGW.pdf,6/17/2021,file\\\C:rRSgd.pdf
970,gdbyY.pdf,3/5/2022,file\\\C:SKYIl.pdf
971,IbsGC.pdf,10/21/2021,file\\\C:dHCYy.pdf
972,VopvS.pdf,9/16/2021,file\\\C:LCiMu.pdf
973,fjBtN.pdf,2/23/2022,file\\\C:oIUJt.pdf
974,eCLBp.pdf,4/1/2022,file\\\C:GlfYH.pdf
975,dKCQh.pdf,1/16/2022,file\\\C:Ezyja.pdf
976,ghWYF.pdf,12/15/2021,file\\\C:GvafI.pdf
977,NcAnk.pdf,9/20/2021,file\\\C:BxCWI.pdf
978,hNUAc.pdf,9/29/2021,file\\\C:imUcS.pdf
979,KsMUr.pdf,2/12/2022,file\\\C:COCJG.pdf
980,zqHLM.pdf,7/20/2021,file\\\C:YETKE.pdf
981,ojTkJ.pdf,2/28/2022,file\\\C:DBPkU.pdf
982,dVcye.pdf,5/14/2022,file\\\C:ccukI.pdf
983,qFQir.pdf,7/31/2021,file\\\C:DJBEt.pdf
984,eGzNr.pdf,2/4/2022,file\\\C:IsOdQ.pdf
985,mJiZa.pdf,1/23/2022,file\\\C:AYilr.pdf
986,ZojXn.pdf,2/2/2022,file\\\C:yrkcM.pdf
987,AWXqH.pdf,4/19/2022,file\\\C:pmuOV.pdf
988,BdOsx.pdf,9/25/2021,file\\\C:IEFKS.pdf
989,lkXjA.pdf,8/9/2021,file\\\C:fxziZ.pdf
990,bQqzP.pdf,6/13/2021,file\\\C:WyrRs.pdf
991,uXwzi.pdf,1/31/2022,file\\\C:CQutX.pdf
992,zJTWd.pdf,1/31/2022,file\\\C:HZkUK.pdf
993,ayfeC.pdf,10/5/2021,file\\\C:ghuMv.pdf
994,HRwVt.pdf,6/3/2021,file\\\C:CHycg.pdf
995,vzSdr.pdf,11/20/2021,file\\\C:MWYWF.pdf
996,TEGVC.pdf,1/25/2022,file\\\C:vfZyt.pdf
997,yUohO.pdf,10/6/2021,file\\\C:ONvCE.pdf
998,QJZmz.pdf,11/18/2021,file\\\C:wvuDj.pdf
999,GsQym.pdf,1/1/2022,file\\\C:aBOrP.pdf
1000,BNdAQ.pdf,6/19/2021,file\\\C:XvZnC.pdf
